ID RH,Nome Completo,Estado Civil,Sexo,Data de Nascimento,Endereço,Data de Contratacao,Salario Base,Impostos,Beneficios,VT,VR,Cargo,Nível,Área,Ferias Acumuladas,Horas Extras,Avaliação do Funcionário,Trabalho em Equipe,Liderança,Comunicação,Iniciativa,Organização
460,Adelino Araujo,C,M,4/9/1976,"Shopping Barra - Av. Centenário, 2992 - Barra, Salvador - BA, 40155-150",7/11/2005,853,"68,24","127,95","85,3","102,36",OPI,Estagiário,Operações,24,23,"9,2",10,8,8,10,10
5,Adelino Gomes,C,M,30/3/1974,"R. Dr. Antônio Castro Prado, 422 - Vila Rossi e Borchi, Campinas - SP, 13076-130",16/3/2000,4450,"280,8","421,2",351,"421,2",ADII,Analista,Administrativo,9,121,"9,6",10,10,8,10,10
195,Adelino Werneck,S,M,27/4/1997,"Av. Borges de Medeiros, 3120 - Praia de Belas, Porto Alegre - RS, 90110-150",23/4/2015,11566,"753,9","430,8",1077,"1292,4",ADIII,Coordenador,Administrativo,47,123,"9,6",10,8,10,10,10
102,Adriano de Souza,C,M,9/12/1993,"R. Brasílio Itiberê, 3279 - Água Verde, Curitiba - PR, 80250-160",5/12/2011,1459,"87,54","116,72","145,9","175,08",COI,Estagiário,Comercial,59,158,"8,4",7,9,8,9,9
133,Adrielle Sá Rodrigues,S,F,16/11/1976,"R. Dr. Antônio Castro Prado, 422 - Vila Rossi e Borchi, Campinas - SP, 13076-130",25/4/2001,10592,"804,1","321,64","804,1","964,92",LOIII,Coordenador,Logística,18,147,"9,2",8,10,8,10,10
,,,,,,,,,,,,,,,,,,,,,,
167,Aledio Villié Cerqueira Silva,C,M,7/9/1975,"R. Visc. de Pirajá, 136 - Ipanema, Rio de Janeiro - RJ, 22410-000",9/6/2003,12280,"1063,1","1169,41","1063,1","1275,72",FIIII,Coordenador,Financeiro,50,16,"8,2",8,8,7,9,9
342,Alfredo Machado Araujo,S,M,14/8/1986,"R. Dr. Antônio Castro Prado, 422 - Vila Rossi e Borchi, Campinas - SP, 13076-130",2/4/2011,9958,"175,14","612,99","875,7","1050,84",ADIII,Coordenador,Administrativo,43,200,"7,4",4,9,4,10,10
320,Aline da Silva,S,F,22/6/1976,"Av. Dom Luís, 500 - Aldeota, Fortaleza - CE, 60160-230",13/8/2015,801,"40,05","80,1","80,1","96,12",OPI,Estagiário,Operações,44,120,"9,4",10,10,7,10,10
88,Aline de Souza,S,F,4/9/1981,"Shopping Barra - Av. Centenário, 2992 - Barra, Salvador - BA, 40155-150",29/3/2011,16855,"1031,38","884,04","1473,4","1768,08",ADIV,Gerente,Administrativo,37,93,"8,2",7,10,8,6,10
113,Aline Santos Silva,C,F,17/8/1981,"Av. Barão Homem de Melo, 1389 - Nova Granada, Belo Horizonte - MG, 30431-425",15/2/2015,8816,"269,4","404,1","673,5","808,2",COII,Analista,Comercial,23,64,"8,4",7,10,7,9,9
291,Amanda de Lacerda,S,F,23/11/1992,"Rua Antônio Lumack do Monte, 203 - 1 - Boa Viagem, Recife - PE, 51020-350",15/8/2012,5694,"71,06","142,12","355,3","426,36",OPII,Analista,Operações,56,43,"8,8",7,9,8,10,10
95,Amanda Ferreira,C,F,28/6/1999,"R. Teodoro Sampaio, 954 - Pinheiros, São Paulo - SP, 05406-050",23/6/2017,11838,"286,32","381,76","954,4","1145,28",OPIII,Coordenador,Operações,16,124,"9,4",10,8,9,10,10
425,Amanda Marinho,S,F,22/2/1983,"Av. Goiás Norte, 3.592 - quadra 2.1 - St. Mal. Rondon, Goiânia - GO, 74063-010",17/9/2010,1931,"173,79","77,24","193,1","231,72",COI,Estagiário,Comercial,40,158,"9,4",10,10,8,9,10
3,Amanda Marques Ribeiro,C,F,7/1/1990,"Av. Dom Luís, 500 - Aldeota, Fortaleza - CE, 60160-230",3/1/2008,1149,"68,94","34,47","114,9","137,88",ADI,Estagiário,Administrativo,60,188,8,10,8,3,10,9
217,Amanda Pessanha,S,F,29/4/1989,"R. Dr. Antônio Castro Prado, 422 - Vila Rossi e Borchi, Campinas - SP, 13076-130",19/4/2014,1113,"55,65","122,43","111,3","133,56",FII,Estagiário,Financeiro,53,63,"9,6",10,8,10,10,10
158,Amanda Rodrigues,S,F,18/5/1984,"R. Dr. Antônio Castro Prado, 422 - Vila Rossi e Borchi, Campinas - SP, 13076-130",8/7/2010,8334,"187,65","813,15","625,5","750,6",LOII,Analista,Logística,37,59,"8,6",10,5,8,10,10
240,Ana Alvarenga dos Santos,C,F,26/5/1991,"Shopping Barra - Av. Centenário, 2992 - Barra, Salvador - BA, 40155-150",21/5/2009,5656,"95,37","222,53","317,9","381,48",OPII,Analista,Operações,51,168,"7,4",0,10,8,9,10
405,Ana Bernardo,S,F,4/9/1980,"Rua Quinze de Novembro, 8 - Loja 301a Loja 301b - Centro, Niterói - RJ, 24020-125",24/12/2014,827,"49,62","99,24","82,7","99,24",COI,Estagiário,Comercial,19,140,"7,2",4,6,7,9,10
209,Ana de Almeida Fournier de Assis,S,F,28/1/1998,"Av. Goiás Norte, 3.592 - quadra 2.1 - St. Mal. Rondon, Goiânia - GO, 74063-010",24/1/2016,10378,"244,56","1141,28","815,2","978,24",COIII,Coordenador,Comercial,35,143,"8,2",10,8,3,10,10
334,Ana de Sá Foly,S,F,15/12/1998,"Av. Borges de Medeiros, 3120 - Praia de Belas, Porto Alegre - RS, 90110-150",10/12/2016,1107,"66,42","44,28","110,7","132,84",ADI,Estagiário,Administrativo,8,1,"7,4",5,5,7,10,10
448,Ana Fernandes Filardi,S,F,26/10/1975,"Rua Antônio Lumack do Monte, 203 - 1 - Boa Viagem, Recife - PE, 51020-350",17/8/2012,16700,"1395,8","837,48","1395,8","1674,96",LOIV,Gerente,Logística,11,28,9,10,8,7,10,10
354,Ana Ladogano,S,F,20/10/1972,"R. Visc. de Pirajá, 136 - Ipanema, Rio de Janeiro - RJ, 22410-000",21/12/2009,14367,"372,42","496,56","1241,4","1489,68",OPIV,Gerente,Operações,43,166,"7,6",8,9,7,5,9
375,Ana Sabino de Azevedo Duarte silva,C,F,28/12/1980,"Av. Barão Homem de Melo, 1389 - Nova Granada, Belo Horizonte - MG, 30431-425",14/10/2009,12175,"723,66","310,14","1033,8","1240,56",COIII,Coordenador,Comercial,59,48,"7,8",8,10,2,10,9
237,Ananda Garcia Soares,C,F,17/8/1979,"Av. Barão Homem de Melo, 1389 - Nova Granada, Belo Horizonte - MG, 30431-425",23/7/2014,1386,"69,3","166,32","138,6","166,32",ADI,Estagiário,Administrativo,44,45,"8,2",8,5,8,10,10
363,Anderson Dias Sampaio,C,M,2/2/1981,"R. Brasílio Itiberê, 3279 - Água Verde, Curitiba - PR, 80250-160",30/7/2001,7650,"407,16","407,16","678,6","814,32",COII,Analista,Comercial,20,45,"9,4",10,10,8,10,9
10,Andre Campos,S,M,1/7/1989,"R. Teodoro Sampaio, 954 - Pinheiros, São Paulo - SP, 05406-050",25/2/2013,10746,"486,55","1070,41","973,1","1167,72",ADIII,Coordenador,Administrativo,21,164,"8,8",7,8,9,10,10
469,André dos Santos Pereira Brito,S,M,30/3/1992,"Av. Borges de Medeiros, 3120 - Praia de Belas, Porto Alegre - RS, 90110-150",25/12/2015,850,51,"127,5",85,102,OPI,Estagiário,Operações,0,196,"8,4",10,8,4,10,10
11,André Melo Soledade,S,M,17/8/1972,"R. Teodoro Sampaio, 954 - Pinheiros, São Paulo - SP, 05406-050",13/6/2007,3890,"240,16","330,22","300,2","360,24",ADII,Analista,Administrativo,6,191,"8,4",10,8,4,10,10
287,Andre Ribeiro da Costa,S,M,1/5/1998,"Av. Goiás Norte, 3.592 - quadra 2.1 - St. Mal. Rondon, Goiânia - GO, 74063-010",26/4/2016,1279,"63,95","102,32","127,9","153,48",FII,Estagiário,Financeiro,30,145,"9,4",8,10,9,10,10
286,Andressa Queiroz Israel,S,F,21/10/1980,"R. Brasílio Itiberê, 3279 - Água Verde, Curitiba - PR, 80250-160",27/6/2017,6441,"480,8","384,64","480,8","576,96",LOII,Analista,Logística,40,69,"8,8",8,8,9,9,10
151,Ângelo Gois,S,M,8/9/1975,"R. Teodoro Sampaio, 954 - Pinheiros, São Paulo - SP, 05406-050",20/4/2009,1549,"30,98","92,94","154,9","185,88",FII,Estagiário,Financeiro,9,174,"5,4",2,1,5,10,9
145,Arnôr Penedo,S,M,24/2/1996,"Av. Mal. Floriano Peixoto, 2248-2258 - Centro, Nova Iguaçu - RJ, 26210-000",19/2/2014,7761,"340,05","408,06","680,1","816,12",COII,Analista,Comercial,31,94,"8,6",10,8,10,5,10
537,Arthur Bispo,S,M,20/7/1993,"Rua Antônio Lumack do Monte, 203 - 1 - Boa Viagem, Recife - PE, 51020-350",16/7/2011,6583,"387,52","435,96","484,4","581,28",COII,Analista,Comercial,35,4,"8,8",8,8,8,10,10
271,Arthur Gonçalo Cavalcanti,C,M,24/6/1971,"R. Brasílio Itiberê, 3279 - Água Verde, Curitiba - PR, 80250-160",1/2/2002,6843,"488,7","597,3",543,"651,6",ADII,Analista,Administrativo,28,109,"8,2",6,8,7,10,10
457,Arthur Gonzalez Assef Miranda,C,M,29/9/1983,"Shopping Barra - Av. Centenário, 2992 - Barra, Salvador - BA, 40155-150",19/4/2005,825,"41,25","74,25","82,5",99,FII,Estagiário,Financeiro,23,50,"8,2",7,8,7,10,9
371,Arthur Vaz,C,M,19/7/1997,"Shopping Barra - Av. Centenário, 2992 - Barra, Salvador - BA, 40155-150",2/2/2017,13982,"254,6","763,8",1273,"1527,6",FIIV,Gerente,Financeiro,54,15,"7,2",6,8,2,10,10
218,Átila Aquino de Carvalho,S,M,11/1/1970,"R. Dr. Antônio Castro Prado, 422 - Vila Rossi e Borchi, Campinas - SP, 13076-130",29/9/2000,11282,"775,68","581,76","969,6","1163,52",COIII,Coordenador,Comercial,52,107,"7,8",6,5,10,9,9
74,Átila Godoy de Melo,S,M,10/2/1985,"R. Luíz Faccini, 212 - Centro, Guarulhos - SP, 07110-000",23/2/2012,834,"50,04","108,42","83,4","100,08",FII,Estagiário,Financeiro,3,12,"7,2",6,8,3,9,10
6,Audir de Avila Goulart,C,M,19/5/1999,"Av. Dom Luís, 500 - Aldeota, Fortaleza - CE, 60160-230",12/6/2017,7324,"257,12","899,92","642,8","771,36",OPII,Analista,Operações,27,55,"9,2",10,10,7,10,9
343,Audir Muniz,S,M,1/2/1988,"Av. Goiás Norte, 3.592 - quadra 2.1 - St. Mal. Rondon, Goiânia - GO, 74063-010",27/1/2006,13661,"1174,95","1566,6","1305,5","1566,6",LOIV,Gerente,Logística,51,189,"8,4",7,9,10,10,6
,,,,,,,,,,,,,,,,,,,,,,
370,Bárbara Rodrigues,S,F,14/3/1999,"R. Luíz Faccini, 212 - Centro, Guarulhos - SP, 07110-000",9/3/2017,11589,"863,73","1343,58","959,7","1151,64",FIIII,Coordenador,Financeiro,26,103,8,10,10,8,2,10
23,Bárbara Spenchutt Vieira,S,F,30/9/1997,"R. Brasílio Itiberê, 3279 - Água Verde, Curitiba - PR, 80250-160",20/6/2017,1795,"179,5","53,85","179,5","215,4",ADI,Estagiário,Administrativo,46,196,9,8,10,7,10,10
455,Beatriz Barrozo,S,F,18/5/1988,"R. Brasílio Itiberê, 3279 - Água Verde, Curitiba - PR, 80250-160",4/2/2014,5279,"154,5","247,2",309,"370,8",COII,Analista,Comercial,58,38,"8,8",7,9,8,10,10
486,Beatriz de Lima Oliveira,S,F,25/10/1983,"R. Visc. de Pirajá, 136 - Ipanema, Rio de Janeiro - RJ, 22410-000",20/10/2001,4618,"203,4","271,2",339,"406,8",COII,Analista,Comercial,36,2,"8,8",7,9,9,9,10
288,Beatriz Machado Araujo,C,F,13/7/1985,"Av. Goiás Norte, 3.592 - quadra 2.1 - St. Mal. Rondon, Goiânia - GO, 74063-010",1/11/2010,1297,"90,79","181,58","129,7","155,64",ADI,Estagiário,Administrativo,26,75,"8,8",7,8,9,10,10
192,Bernard Mello,S,M,16/10/1993,"R. Luíz Faccini, 212 - Centro, Guarulhos - SP, 07110-000",12/10/2011,16080,"1141,6","1997,8",1427,"1712,4",COIV,Gerente,Comercial,19,177,"8,2",7,8,7,9,10
535,Bernardo da cunha,C,M,28/6/1979,"R. Visc. de Pirajá, 136 - Ipanema, Rio de Janeiro - RJ, 22410-000",15/3/2002,7059,"318,3","954,9","636,6","763,92",LOII,Analista,Logística,57,88,"8,2",10,8,3,10,10
374,Bernardo de Lima Oliveira,S,M,7/7/1995,"Av. Mal. Floriano Peixoto, 2248-2258 - Centro, Nova Iguaçu - RJ, 26210-000",16/10/2014,9553,"588,56","840,8","840,8","1008,96",OPIII,Coordenador,Operações,38,153,"7,6",8,8,2,10,10
307,Bernardo Essaber,S,M,31/8/1971,"Av. Goiás Norte, 3.592 - quadra 2.1 - St. Mal. Rondon, Goiânia - GO, 74063-010",17/1/2002,8154,"679,9","815,88","679,9","815,88",OPII,Analista,Operações,10,170,"8,8",8,9,8,10,9
533,Bernardo Magno,C,M,22/3/1985,"Rua Antônio Lumack do Monte, 203 - 1 - Boa Viagem, Recife - PE, 51020-350",3/12/2005,1509,"150,9","105,63","150,9","181,08",ADI,Estagiário,Administrativo,41,174,9,7,10,8,10,10
523,Bernardo Silva,C,M,17/6/1982,"Rua Quinze de Novembro, 8 - Loja 301a Loja 301b - Centro, Niterói - RJ, 24020-125",15/12/2013,5233,"304,5","652,5",435,522,OPII,Analista,Operações,34,3,"6,8",3,8,3,10,10
396,Bianca Aguiar,S,F,13/4/1987,"R. Visc. de Pirajá, 136 - Ipanema, Rio de Janeiro - RJ, 22410-000",5/3/2016,6979,"213,76","427,52","534,4","641,28",ADII,Analista,Administrativo,46,53,"8,4",7,8,9,9,9
506,Bianca Lemos,C,F,25/4/1983,"R. Luíz Faccini, 212 - Centro, Guarulhos - SP, 07110-000",20/4/2001,7303,"334,14","668,28","556,9","668,28",ADII,Analista,Administrativo,8,188,"8,6",5,10,8,10,10
98,Brenda Lopes,C,F,25/3/1974,"R. Teodoro Sampaio, 954 - Pinheiros, São Paulo - SP, 05406-050",28/12/2010,15305,"264,22","1056,88","1321,1","1585,32",COIV,Gerente,Comercial,39,195,"9,4",10,7,10,10,10
168,Brenno Ayello Leite,S,M,20/11/1970,"Av. Barão Homem de Melo, 1389 - Nova Granada, Belo Horizonte - MG, 30431-425",3/5/2009,10388,"877,68","487,6","975,2","1170,24",COIII,Coordenador,Comercial,34,199,7,8,4,8,9,6
527,Brenno Silva,S,M,23/8/1983,"Rua Antônio Lumack do Monte, 203 - 1 - Boa Viagem, Recife - PE, 51020-350",18/8/2001,7040,"349,5","291,25","582,5",699,OPII,Analista,Operações,39,50,"8,6",7,8,8,10,10
475,Breno Franklin da Silva,C,M,24/1/1988,"Av. Barão Homem de Melo, 1389 - Nova Granada, Belo Horizonte - MG, 30431-425",27/5/2013,7969,"136,34","886,21","681,7","818,04",LOII,Analista,Logística,57,50,"8,2",7,8,6,10,10
109,Bruna Calmon,C,F,19/1/1972,"R. Visc. de Pirajá, 136 - Ipanema, Rio de Janeiro - RJ, 22410-000",18/8/2001,16340,"701,8","1263,24","1403,6","1684,32",LOIV,Gerente,Logística,0,41,"8,6",7,10,6,10,10
258,Bruna Ferreira,C,F,9/2/1998,"Av. Borges de Medeiros, 3120 - Praia de Belas, Porto Alegre - RS, 90110-150",5/2/2016,12307,"693,91","1189,56","991,3","1189,56",OPIII,Coordenador,Operações,35,78,7,7,10,8,1,9
290,Bruna Jimenez Jimbo,C,F,23/9/1994,"R. Dr. Antônio Castro Prado, 422 - Vila Rossi e Borchi, Campinas - SP, 13076-130",18/9/2012,14223,"362,79","1330,23","1209,3","1451,16",ADIV,Gerente,Administrativo,14,29,9,7,10,8,10,10
321,Bruna Mello Varela,S,F,4/8/1989,"Av. Dom Luís, 500 - Aldeota, Fortaleza - CE, 60160-230",27/4/2014,11007,"181,32","1178,58","906,6","1087,92",FIIII,Coordenador,Financeiro,14,22,"7,8",7,10,7,5,10
510,Bruna Rocha de Carvalho,S,F,28/5/1999,"Shopping Barra - Av. Centenário, 2992 - Barra, Salvador - BA, 40155-150",23/5/2017,1685,"84,25","235,9","168,5","202,2",COI,Estagiário,Comercial,45,131,"6,6",6,8,8,5,6
188,Bruna Serva,S,F,17/10/1978,"Av. Borges de Medeiros, 3120 - Praia de Belas, Porto Alegre - RS, 90110-150",29/10/2002,11304,"185,1","1018,05","925,5","1110,6",FIIII,Coordenador,Financeiro,34,66,"6,4",8,6,3,9,6
90,Bruna Tavares Vasconcelos,S,F,29/9/1980,"R. Visc. de Pirajá, 136 - Ipanema, Rio de Janeiro - RJ, 22410-000",26/8/2017,812,"40,6","121,8","81,2","97,44",ADI,Estagiário,Administrativo,39,103,"8,4",8,8,7,10,9
116,Bruno Cunha Felippe,C,M,26/9/1998,"R. Dr. Antônio Castro Prado, 422 - Vila Rossi e Borchi, Campinas - SP, 13076-130",21/9/2016,8258,"193,2","708,4",644,"772,8",LOII,Analista,Logística,58,34,9,10,8,8,10,9
233,Bruno de Almeida Silva,S,M,11/1/1972,"R. Brasílio Itiberê, 3279 - Água Verde, Curitiba - PR, 80250-160",14/1/2009,6628,"109,76","329,28","548,8","658,56",OPII,Analista,Operações,21,113,"7,8",6,10,3,10,10
77,Bruno de Souza,S,M,13/11/1973,"R. Luíz Faccini, 212 - Centro, Guarulhos - SP, 07110-000",1/3/2013,6834,"101,78","458,01","508,9","610,68",ADII,Analista,Administrativo,19,9,"6,4",7,7,3,5,10
276,Bruno Jorge Montanholi,S,M,17/8/1975,"R. Dr. Antônio Castro Prado, 422 - Vila Rossi e Borchi, Campinas - SP, 13076-130",21/8/2004,9543,"423,45","1100,97","846,9","1016,28",COIII,Coordenador,Comercial,3,85,"8,6",7,8,8,10,10
512,Bruno Paes Leme,S,M,14/9/1983,"R. Luíz Faccini, 212 - Centro, Guarulhos - SP, 07110-000",4/9/2014,6218,"149,1","745,5",497,"596,4",FIII,Analista,Financeiro,29,94,6,7,8,4,9,2
22,Bruno Vargas,S,M,15/3/1987,"R. Brasílio Itiberê, 3279 - Água Verde, Curitiba - PR, 80250-160",13/3/2013,14147,"1150,65","1789,9","1278,5","1534,2",COIV,Gerente,Comercial,7,2,"8,6",6,10,8,10,9
,,,,,,,,,,,,,,,,,,,,,,
179,Caio Oliveira Meirelles,C,M,7/2/1974,"Shopping Barra - Av. Centenário, 2992 - Barra, Salvador - BA, 40155-150",20/10/2005,10353,"184,68","1015,74","923,4","1108,08",LOIII,Coordenador,Logística,20,31,"6,8",4,8,3,10,9
148,Caio Stellet,S,M,7/2/1991,"R. Dr. Antônio Castro Prado, 422 - Vila Rossi e Borchi, Campinas - SP, 13076-130",22/9/2011,5210,"244,3","314,1",349,"418,8",ADII,Analista,Administrativo,21,199,"9,6",10,10,8,10,10
308,Camila Fonseca Martinez,S,F,3/6/1997,"Av. Mal. Floriano Peixoto, 2248-2258 - Centro, Nova Iguaçu - RJ, 26210-000",30/5/2015,2052,"164,16","143,64","205,2","246,24",COI,Estagiário,Comercial,18,119,8,10,8,8,5,9
324,Camila Regis Ivo,S,F,1/7/1992,"R. Teodoro Sampaio, 954 - Pinheiros, São Paulo - SP, 05406-050",18/1/2016,1599,"47,97","47,97","159,9","191,88",FII,Estagiário,Financeiro,28,94,"9,8",10,10,9,10,10
67,Carla Amiccuci Areias,C,F,5/5/1986,"R. Brasílio Itiberê, 3279 - Água Verde, Curitiba - PR, 80250-160",30/4/2004,12360,"299,34","598,68","997,8","1197,36",FIIII,Coordenador,Financeiro,35,91,9,8,10,8,10,9
392,Carlos Amorim,C,M,7/2/1981,"R. Brasílio Itiberê, 3279 - Água Verde, Curitiba - PR, 80250-160",5/10/2013,1844,"165,96","258,16","184,4","221,28",ADI,Estagiário,Administrativo,29,167,"8,6",8,8,8,10,9
154,Carlos Mota,C,M,16/7/1983,"R. Dr. Antônio Castro Prado, 422 - Vila Rossi e Borchi, Campinas - SP, 13076-130",27/9/2000,5593,"47,79","127,44","159,3","191,16",COII,Analista,Comercial,11,82,"8,4",8,9,7,9,9
270,Carlos Santos Matta,C,M,17/2/1984,"Av. Dom Luís, 500 - Aldeota, Fortaleza - CE, 60160-230",12/2/2002,7013,"499,44","936,45","624,3","749,16",FIII,Analista,Financeiro,51,34,"8,4",10,10,8,4,10
417,Carolina Araujo Sagrillo,C,F,11/12/1995,"R. Brasílio Itiberê, 3279 - Água Verde, Curitiba - PR, 80250-160",6/12/2013,6800,"353,43","196,35","392,7","471,24",OPII,Analista,Operações,2,186,"8,8",7,9,8,10,10
152,Carolina Croix Barros,C,F,11/12/1981,"R. Dr. Antônio Castro Prado, 422 - Vila Rossi e Borchi, Campinas - SP, 13076-130",19/7/2017,10628,"348,36","609,63","870,9","1045,08",OPIII,Coordenador,Operações,51,6,"8,2",6,10,6,10,9
337,Carolina de Souza Almeida,C,F,7/2/1980,"R. Visc. de Pirajá, 136 - Ipanema, Rio de Janeiro - RJ, 22410-000",17/4/2009,9919,"248,58","1077,18","828,6","994,32",FIIII,Coordenador,Financeiro,0,51,"8,2",8,9,4,10,10
376,Carolina Fontes,C,F,7/1/1990,"R. Dr. Antônio Castro Prado, 422 - Vila Rossi e Borchi, Campinas - SP, 13076-130",14/8/2009,5924,"349,02","116,34","387,8","465,36",COII,Analista,Comercial,41,161,"8,2",6,8,7,10,10
35,Carolina Gaspar de Mattos,C,F,22/3/1977,"Av. Mal. Floriano Peixoto, 2248-2258 - Centro, Nova Iguaçu - RJ, 26210-000",26/11/2006,5522,"65,6","459,2",328,"393,6",ADII,Analista,Administrativo,46,84,6,8,3,8,1,10
124,Carolina Gonçalves Lixa Fontoura,S,F,18/5/1984,"R. Brasílio Itiberê, 3279 - Água Verde, Curitiba - PR, 80250-160",9/6/2013,7929,"673,7","606,33","673,7","808,44",COII,Analista,Comercial,48,6,"9,6",10,10,8,10,10
495,Carolina Marques,C,F,23/11/1994,"R. Brasílio Itiberê, 3279 - Água Verde, Curitiba - PR, 80250-160",13/11/2014,13165,"212,52","1593,9","1062,6","1275,12",LOIII,Coordenador,Logística,20,34,"7,8",10,2,7,10,10
229,Carolina Mello,C,F,11/1/1988,"R. Brasílio Itiberê, 3279 - Água Verde, Curitiba - PR, 80250-160",6/1/2006,9936,"169,66","424,15","848,3","1017,96",LOIII,Coordenador,Logística,2,70,9,7,10,8,10,10
27,Carolina Monteiro,C,F,17/3/1991,"R. Luíz Faccini, 212 - Centro, Guarulhos - SP, 07110-000",2/8/2010,10486,"169,44","423,6","847,2","1016,64",FIIII,Coordenador,Financeiro,54,9,9,7,8,10,10,10
406,Carolina Racy,S,F,10/11/1989,"R. Dr. Antônio Castro Prado, 422 - Vila Rossi e Borchi, Campinas - SP, 13076-130",6/11/2007,1012,"60,72","70,84","101,2","121,44",ADI,Estagiário,Administrativo,8,26,9,10,8,10,7,10
238,Carolina Venceslau Santos de Gusmão,C,F,8/7/1987,"Av. Dom Luís, 500 - Aldeota, Fortaleza - CE, 60160-230",15/5/2017,1200,72,120,120,144,COI,Estagiário,Comercial,46,2,"9,2",10,10,7,9,10
135,Caroline Valente de Figueiredo,C,F,15/7/1987,"Av. Goiás Norte, 3.592 - quadra 2.1 - St. Mal. Rondon, Goiânia - GO, 74063-010",10/7/2005,10940,"331,48","994,44","828,7","994,44",ADIII,Coordenador,Administrativo,48,90,9,7,9,9,10,10
255,Catarina Virginio,S,F,14/3/1982,"Rua Antônio Lumack do Monte, 203 - 1 - Boa Viagem, Recife - PE, 51020-350",31/5/2011,5479,"244,48","366,72","305,6","366,72",OPII,Analista,Operações,46,51,9,8,10,7,10,10
29,Cícero Barcelos Tagliari,C,M,31/5/1978,"Rua Quinze de Novembro, 8 - Loja 301a Loja 301b - Centro, Niterói - RJ, 24020-125",30/7/2007,5779,"213,3","341,28","426,6","511,92",OPII,Analista,Operações,34,85,"8,4",6,8,8,10,10
185,Clarissa Ferreira,C,F,25/6/1980,"R. Brasílio Itiberê, 3279 - Água Verde, Curitiba - PR, 80250-160",24/8/2013,2081,"104,05","312,15","208,1","249,72",ADI,Estagiário,Administrativo,41,187,"8,8",7,10,8,9,10
226,Cynthia Alvim,S,F,23/8/1976,"Shopping Barra - Av. Centenário, 2992 - Barra, Salvador - BA, 40155-150",28/4/2003,11194,"911,8","1002,98","911,8","1094,16",ADIII,Coordenador,Administrativo,8,34,9,6,10,9,10,10
,,,,,,,,,,,,,,,,,,,,,,
400,Cynthia Ribeiro,C,F,27/3/1995,"R. Luíz Faccini, 212 - Centro, Guarulhos - SP, 07110-000",22/3/2013,16571,"732,1","878,52","1464,2","1757,04",FIIV,Gerente,Financeiro,57,57,6,1,10,4,10,5
347,Daniel Alvarenga dos Santos,C,M,28/10/1997,"Shopping Barra - Av. Centenário, 2992 - Barra, Salvador - BA, 40155-150",24/10/2015,1698,"135,84","84,9","169,8","203,76",ADI,Estagiário,Administrativo,45,147,9,8,9,8,10,10
174,Daniel Benevides Xavier,C,M,5/2/1985,"R. Brasílio Itiberê, 3279 - Água Verde, Curitiba - PR, 80250-160",4/3/2007,7363,"124,1","806,65","620,5","744,6",COII,Analista,Comercial,46,102,8,10,8,2,10,10
467,Daniel Garcia,C,M,31/10/1988,"Av. Goiás Norte, 3.592 - quadra 2.1 - St. Mal. Rondon, Goiânia - GO, 74063-010",27/10/2006,5317,"262,32","306,04","437,2","524,64",LOII,Analista,Logística,1,167,"7,4",7,8,8,4,10
391,Daniel Lopes da Silveira,S,M,5/3/1971,"Av. Goiás Norte, 3.592 - quadra 2.1 - St. Mal. Rondon, Goiânia - GO, 74063-010",20/11/2004,1684,"117,88","101,04","168,4","202,08",OPI,Estagiário,Operações,58,26,"8,2",8,10,3,10,10
474,Daniel Pinto Anastácio Machado,C,M,6/10/1990,"Shopping Barra - Av. Centenário, 2992 - Barra, Salvador - BA, 40155-150",28/4/2014,6657,"509,12","509,12","636,4","763,68",ADII,Analista,Administrativo,55,196,"7,6",8,8,2,10,10
111,Daniela Santos Silva,S,F,11/3/1991,"Av. Dom Luís, 500 - Aldeota, Fortaleza - CE, 60160-230",6/3/2009,1929,"115,74","135,03","192,9","231,48",OPI,Estagiário,Operações,57,0,"8,8",8,8,8,10,10
529,Daniele Blumberg,C,F,17/9/1982,"Av. Goiás Norte, 3.592 - quadra 2.1 - St. Mal. Rondon, Goiânia - GO, 74063-010",31/3/2017,1153,"69,18","161,42","115,3","138,36",ADI,Estagiário,Administrativo,52,147,"8,8",7,10,8,10,9
169,David de Paula,S,M,3/10/1981,"R. Dr. Antônio Castro Prado, 422 - Vila Rossi e Borchi, Campinas - SP, 13076-130",13/3/2006,1423,"99,61","184,99","142,3","170,76",COI,Estagiário,Comercial,50,126,"9,6",8,10,10,10,10
310,Debora Penedo,C,F,26/1/1988,"Av. Goiás Norte, 3.592 - quadra 2.1 - St. Mal. Rondon, Goiânia - GO, 74063-010",21/1/2006,12903,"618,06","1030,1","1030,1","1236,12",OPIII,Coordenador,Operações,41,26,"8,6",6,10,8,10,9
125,Débora Pereira Ribeiro,S,F,8/7/1976,"Av. Barão Homem de Melo, 1389 - Nova Granada, Belo Horizonte - MG, 30431-425",16/12/2006,10868,"348,24","1218,84","870,6","1044,72",FIIII,Coordenador,Financeiro,51,190,"7,6",7,10,8,10,3
452,Desirée Castro Guimarães,C,F,20/2/1971,"Av. Goiás Norte, 3.592 - quadra 2.1 - St. Mal. Rondon, Goiânia - GO, 74063-010",23/6/2008,4987,331,"132,4",331,"397,2",FIII,Analista,Financeiro,37,30,"6,8",7,8,7,10,2
438,Diego Costa,S,M,27/1/1984,"Rua Quinze de Novembro, 8 - Loja 301a Loja 301b - Centro, Niterói - RJ, 24020-125",18/5/2009,15277,"1487,7","1636,47","1487,7","1785,24",COIV,Gerente,Comercial,15,25,7,2,8,9,10,6
224,Diego Limp,S,M,16/7/1998,"Shopping Barra - Av. Centenário, 2992 - Barra, Salvador - BA, 40155-150",11/7/2016,12050,"214,14","321,21","1070,7","1284,84",COIII,Coordenador,Comercial,57,179,"9,4",8,10,9,10,10
64,Douglas Costa,C,M,5/8/1988,"R. Luíz Faccini, 212 - Centro, Guarulhos - SP, 07110-000",1/8/2006,1343,"67,15","107,44","134,3","161,16",OPI,Estagiário,Operações,16,21,"8,8",7,10,8,9,10
212,Douglas Pinto,C,M,9/6/1972,"Av. Barão Homem de Melo, 1389 - Nova Granada, Belo Horizonte - MG, 30431-425",27/3/2002,1849,"36,98","92,45","184,9","221,88",OPI,Estagiário,Operações,13,100,"8,4",7,9,7,10,9
521,Ébio Velucci,C,M,27/9/1994,"Av. Mal. Floriano Peixoto, 2248-2258 - Centro, Nova Iguaçu - RJ, 26210-000",22/9/2012,1335,"53,4","173,55","133,5","160,2",ADI,Estagiário,Administrativo,5,83,"8,4",7,8,8,9,10
261,Eduarda Chagas,C,F,28/10/1976,"Av. Borges de Medeiros, 3120 - Praia de Belas, Porto Alegre - RS, 90110-150",11/9/2016,1940,"174,6",291,194,"232,8",ADI,Estagiário,Administrativo,56,149,"8,2",7,7,7,10,10
176,Eduarda Mello,C,F,10/5/1980,"Shopping Barra - Av. Centenário, 2992 - Barra, Salvador - BA, 40155-150",6/5/2008,8439,"695,1","903,63","695,1","834,12",FIII,Analista,Financeiro,40,71,"8,8",8,9,7,10,10
150,Eduardo Brum,C,M,22/5/1990,"Rua Quinze de Novembro, 8 - Loja 301a Loja 301b - Centro, Niterói - RJ, 24020-125",17/5/2008,3340,"117,28","410,48","293,2","351,84",COII,Analista,Comercial,50,157,"8,6",7,8,8,10,10
350,Eduardo da Cunha,C,M,14/12/1980,"Av. Barão Homem de Melo, 1389 - Nova Granada, Belo Horizonte - MG, 30431-425",10/12/2006,10429,"950,4","285,12","950,4","1140,48",LOIII,Coordenador,Logística,59,9,"7,2",8,10,4,10,4
207,Eduardo Luz,C,M,16/12/1983,"Av. Borges de Medeiros, 3120 - Praia de Belas, Porto Alegre - RS, 90110-150",21/1/2004,6694,"440,58","944,1","629,4","755,28",LOII,Analista,Logística,9,113,9,10,8,8,10,9
193,Eduardo Ota Hirose,C,M,7/2/1992,"Av. Goiás Norte, 3.592 - quadra 2.1 - St. Mal. Rondon, Goiânia - GO, 74063-010",17/12/2015,1194,"95,52","155,22","119,4","143,28",OPI,Estagiário,Operações,22,190,"8,8",7,8,9,10,10
338,Eduardo Paes Leme,S,M,6/2/1999,"Rua Antônio Lumack do Monte, 203 - 1 - Boa Viagem, Recife - PE, 51020-350",1/2/2017,7876,"566,28","251,68","629,2","755,04",OPII,Analista,Operações,27,188,6,7,8,3,10,2
,,,,,,,,,,,,,,,,,,,,,,
296,Elaine de Aragao,C,F,4/10/1986,"R. Visc. de Pirajá, 136 - Ipanema, Rio de Janeiro - RJ, 22410-000",29/9/2004,1110,"99,9","133,2",111,"133,2",LOI,Estagiário,Logística,47,112,"8,6",7,9,8,10,9
299,Elaine Lopes de Almeida,C,F,2/10/1979,"R. Luíz Faccini, 212 - Centro, Guarulhos - SP, 07110-000",4/8/2008,10551,"855,1","769,59","855,1","1026,12",ADIII,Coordenador,Administrativo,25,184,"8,2",7,10,8,10,6
223,Elvis Macedo,C,M,25/2/1987,"Av. Barão Homem de Melo, 1389 - Nova Granada, Belo Horizonte - MG, 30431-425",28/3/2005,5056,"147,32","184,15","368,3","441,96",LOII,Analista,Logística,29,171,9,7,8,10,10,10
436,Emilaine Oliveira de Mello Silva,C,F,23/11/1973,"Av. Dom Luís, 500 - Aldeota, Fortaleza - CE, 60160-230",20/5/2012,2057,"164,56","123,42","205,7","246,84",LOI,Estagiário,Logística,19,160,"8,4",7,8,7,10,10
213,Eric Amante,S,M,8/5/1972,"Av. Dom Luís, 500 - Aldeota, Fortaleza - CE, 60160-230",20/7/2000,5970,"382,16","668,78","477,7","573,24",FIII,Analista,Financeiro,0,113,"8,2",7,8,9,7,10
166,Fabio Melo Eiras,S,M,4/8/1978,"Av. Dom Luís, 500 - Aldeota, Fortaleza - CE, 60160-230",15/2/2004,1844,"147,52","184,4","184,4","221,28",FII,Estagiário,Financeiro,30,124,"7,4",6,8,8,10,5
86,Felipe Jordão Teixeira,C,M,18/5/1988,"R. Brasílio Itiberê, 3279 - Água Verde, Curitiba - PR, 80250-160",14/5/2006,1808,"144,64","126,56","180,8","216,96",ADI,Estagiário,Administrativo,9,67,"7,8",10,1,8,10,10
244,Felipe Miranda,C,M,9/3/1978,"Av. Mal. Floriano Peixoto, 2248-2258 - Centro, Nova Iguaçu - RJ, 26210-000",25/5/2009,4562,"308,5","339,35","308,5","370,2",LOII,Analista,Logística,36,63,"8,4",7,8,7,10,10
19,Felipe Sousa Melo,S,M,23/7/1997,"Av. Dom Luís, 500 - Aldeota, Fortaleza - CE, 60160-230",19/7/2015,5480,"430,9","517,08","430,9","517,08",OPII,Analista,Operações,40,55,"7,8",7,10,2,10,10
84,Fernanda Castro Morett Ceppas,S,F,8/1/1985,"Rua Antônio Lumack do Monte, 203 - 1 - Boa Viagem, Recife - PE, 51020-350",25/12/2008,5127,"278,11","357,57","397,3","476,76",LOII,Analista,Logística,50,123,9,10,10,9,6,10
408,Fernanda do Nascimento Rocha,C,F,19/12/1994,"R. Visc. de Pirajá, 136 - Ipanema, Rio de Janeiro - RJ, 22410-000",26/8/2017,1814,"108,84","272,1","181,4","217,68",OPI,Estagiário,Operações,12,20,"6,6",8,5,2,9,9
431,Fernanda Gonçalves,S,F,2/4/1991,"Rua Antônio Lumack do Monte, 203 - 1 - Boa Viagem, Recife - PE, 51020-350",28/3/2009,1472,"103,04","147,2","147,2","176,64",OPI,Estagiário,Operações,20,119,7,4,8,8,10,5
149,Fernanda Rocha,C,F,24/12/1990,"Rua Quinze de Novembro, 8 - Loja 301a Loja 301b - Centro, Niterói - RJ, 24020-125",19/12/2008,1910,"76,4","57,3",191,"229,2",COI,Estagiário,Comercial,29,98,8,10,10,7,9,4
68,Fernanda Rossini,S,F,8/11/1982,"R. Teodoro Sampaio, 954 - Pinheiros, São Paulo - SP, 05406-050",5/7/2002,6336,"316,12","451,6","451,6","541,92",FIII,Analista,Financeiro,40,4,"7,2",10,6,8,10,2
180,Filipe Tabet,C,M,8/4/1981,"R. Teodoro Sampaio, 954 - Pinheiros, São Paulo - SP, 05406-050",16/2/2017,1108,"44,32","88,64","110,8","132,96",LOI,Estagiário,Logística,11,98,"6,8",2,9,3,10,10
60,Fillipe Tupini,S,M,15/3/1994,"R. Luíz Faccini, 212 - Centro, Guarulhos - SP, 07110-000",10/3/2012,5994,"154,17","411,12","513,9","616,68",LOII,Analista,Logística,18,174,"8,8",10,8,7,9,10
311,Flávia Jordao,S,F,27/5/1991,"R. Visc. de Pirajá, 136 - Ipanema, Rio de Janeiro - RJ, 22410-000",31/3/2015,9053,"318,25","700,15","636,5","763,8",ADII,Analista,Administrativo,8,134,"7,4",6,8,8,10,5
327,Flávio Barbosa,C,M,10/5/1972,"Rua Quinze de Novembro, 8 - Loja 301a Loja 301b - Centro, Niterói - RJ, 24020-125",4/2/2010,7112,"259,28","713,02","648,2","777,84",ADII,Analista,Administrativo,37,190,"9,6",10,9,9,10,10
292,Flávio Fontes,S,M,9/9/1986,"R. Dr. Antônio Castro Prado, 422 - Vila Rossi e Borchi, Campinas - SP, 13076-130",6/8/2015,7583,"551,44","482,51","689,3","827,16",LOII,Analista,Logística,10,165,"9,2",8,9,10,10,9
117,Flávio Jacques Gamboa Fernandez de Oliveira Netto,C,M,28/9/1994,"Av. Dom Luís, 500 - Aldeota, Fortaleza - CE, 60160-230",23/9/2012,2013,"80,52","201,3","201,3","241,56",FII,Estagiário,Financeiro,0,111,"8,6",7,9,7,10,10
520,Flávio Silva Mendonça,S,M,30/11/1996,"R. Luíz Faccini, 212 - Centro, Guarulhos - SP, 07110-000",26/11/2014,6987,"295,15","295,15","590,3","708,36",ADII,Analista,Administrativo,3,166,"8,4",7,8,8,10,9
404,Francyne Souza,C,F,24/10/1975,"Av. Borges de Medeiros, 3120 - Praia de Belas, Porto Alegre - RS, 90110-150",2/6/2009,7404,"253,4","506,8","506,8","608,16",FIII,Analista,Financeiro,46,77,"8,4",7,6,9,10,10
80,Frederico Vidal,S,M,21/5/1985,"R. Brasílio Itiberê, 3279 - Água Verde, Curitiba - PR, 80250-160",29/5/2010,4763,"268,5","268,5","447,5",537,COII,Analista,Comercial,45,86,8,10,9,8,9,4
78,Gabriel Castro Cerqueira,S,M,22/5/1996,"Av. Goiás Norte, 3.592 - quadra 2.1 - St. Mal. Rondon, Goiânia - GO, 74063-010",18/5/2014,8034,"672,7","269,08","672,7","807,24",COII,Analista,Comercial,8,12,"8,6",10,9,4,10,10
142,Gabriel Mello,S,M,5/1/1976,"R. Visc. de Pirajá, 136 - Ipanema, Rio de Janeiro - RJ, 22410-000",13/9/2011,1668,"33,36","116,76","166,8","200,16",LOI,Estagiário,Logística,32,23,"8,8",10,10,8,6,10
1,Gabriel Mesquita,C,M,1/1/1975,"Av. Borges de Medeiros, 3120 - Praia de Belas, Porto Alegre - RS, 90110-150",16/3/2006,23780,"678,84","1131,4","2262,8","2715,36",OPV,Diretor,Operações,47,97,"8,8",8,8,9,9,10
403,Gabriel Vasconcelos de Sousa,C,M,11/1/1976,"R. Luíz Faccini, 212 - Centro, Guarulhos - SP, 07110-000",25/11/2008,10853,"522,8","1463,84","1045,6","1254,72",ADIII,Coordenador,Administrativo,58,131,"7,2",1,8,7,10,10
210,Gabriel Viana,C,M,31/3/1974,"R. Teodoro Sampaio, 954 - Pinheiros, São Paulo - SP, 05406-050",31/1/2004,4844,"149,76","112,32","374,4","449,28",COII,Analista,Comercial,10,187,"6,8",6,8,8,2,10
330,Gabriela Costa,C,F,13/7/1989,"R. Teodoro Sampaio, 954 - Pinheiros, São Paulo - SP, 05406-050",13/6/2012,25340,"1399,74","2566,19","2332,9","2799,48",LOV,Diretor,Logística,17,33,9,7,9,9,10,10
294,Gabriela de Souza Campos,C,F,24/6/1971,"Av. Mal. Floriano Peixoto, 2248-2258 - Centro, Nova Iguaçu - RJ, 26210-000",22/10/2001,1258,"75,48","62,9","125,8","150,96",OPI,Estagiário,Operações,7,91,"6,8",4,8,4,10,8
409,Gabriela e Alves,S,F,9/5/1999,"Av. Barão Homem de Melo, 1389 - Nova Granada, Belo Horizonte - MG, 30431-425",4/5/2017,1797,"125,79","233,61","179,7","215,64",FII,Estagiário,Financeiro,39,124,"7,6",7,8,4,10,9
220,Gabriela Gômara,C,F,7/4/1971,"Av. Borges de Medeiros, 3120 - Praia de Belas, Porto Alegre - RS, 90110-150",10/7/2000,11716,786,"687,75","982,5",1179,ADIII,Coordenador,Administrativo,37,49,"7,8",7,8,4,10,10
447,Gabriela Romeu,C,F,26/11/1983,"Rua Antônio Lumack do Monte, 203 - 1 - Boa Viagem, Recife - PE, 51020-350",1/11/2004,5585,"69,26","380,93","346,3","415,56",OPII,Analista,Operações,57,134,"8,8",10,5,9,10,10
445,Geam Petraglia da Silva,C,M,28/11/1970,"Av. Barão Homem de Melo, 1389 - Nova Granada, Belo Horizonte - MG, 30431-425",13/1/2002,1024,"71,68","40,96","102,4","122,88",COI,Estagiário,Comercial,15,17,"9,4",8,10,9,10,10
8,Gil Bonder,C,M,22/6/1989,"Rua Quinze de Novembro, 8 - Loja 301a Loja 301b - Centro, Niterói - RJ, 24020-125",18/6/2007,5008,"355,52","177,76","444,4","533,28",OPII,Analista,Operações,12,37,"9,6",10,9,9,10,10
175,Giovana Marinho,C,F,18/5/1979,"Av. Borges de Medeiros, 3120 - Praia de Belas, Porto Alegre - RS, 90110-150",30/4/2016,15246,"1028,72","1671,67","1285,9","1543,08",OPIV,Gerente,Operações,14,96,"7,8",7,9,7,10,6
420,Giovanna Fahrnholz,C,F,27/5/1999,"Shopping Barra - Av. Centenário, 2992 - Barra, Salvador - BA, 40155-150",22/5/2017,15249,"991,84","371,94","1239,8","1487,76",ADIV,Gerente,Administrativo,17,183,9,8,10,7,10,10
81,Giuseppe Fernandes,C,M,30/12/1980,"R. Luíz Faccini, 212 - Centro, Guarulhos - SP, 07110-000",11/2/2010,10021,"856,08","285,36","951,2","1141,44",LOIII,Coordenador,Logística,5,60,"6,4",4,3,5,10,10
187,Guilherme Delgado,C,M,28/12/1976,"Av. Barão Homem de Melo, 1389 - Nova Granada, Belo Horizonte - MG, 30431-425",30/9/2002,937,"37,48","28,11","93,7","112,44",ADI,Estagiário,Administrativo,30,105,"8,8",7,8,9,10,10
446,Guilherme Johnson,C,M,29/4/1993,"R. Brasílio Itiberê, 3279 - Água Verde, Curitiba - PR, 80250-160",25/4/2011,10489,"689,43","295,47","984,9","1181,88",ADIII,Coordenador,Administrativo,47,101,"6,6",5,9,8,9,2
526,Guilherme Lander Regasso,S,M,5/2/1978,"Rua Antônio Lumack do Monte, 203 - 1 - Boa Viagem, Recife - PE, 51020-350",12/8/2002,1592,"127,36","206,96","159,2","191,04",OPI,Estagiário,Operações,9,118,"7,4",7,1,10,10,9
171,Guilherme Lopes da Silveira,S,M,30/11/1999,"R. Visc. de Pirajá, 136 - Ipanema, Rio de Janeiro - RJ, 22410-000",12/4/2018,1269,"101,52","164,97","126,9","152,28",LOI,Estagiário,Logística,42,82,"8,2",7,8,6,10,10
4,Guilherme Nunez,C,M,7/5/1993,"Av. Barão Homem de Melo, 1389 - Nova Granada, Belo Horizonte - MG, 30431-425",3/5/2011,7415,"296,1","414,54","592,2","710,64",ADII,Analista,Administrativo,41,176,"8,4",7,8,7,10,10
9,Gustavo de Melo Teixeira,S,M,5/7/1990,"R. Visc. de Pirajá, 136 - Ipanema, Rio de Janeiro - RJ, 22410-000",30/6/2008,5106,"124,14","579,32","413,8","496,56",FIII,Analista,Financeiro,49,116,8,2,10,9,10,9
119,Hanna Vaz,C,F,1/8/1970,"Av. Dom Luís, 500 - Aldeota, Fortaleza - CE, 60160-230",19/7/2005,13397,"327,06","1635,3","1090,2","1308,24",ADIII,Coordenador,Administrativo,0,172,"8,2",10,3,8,10,10
159,Hannah de Oliveira,C,F,2/11/1999,"Av. Borges de Medeiros, 3120 - Praia de Belas, Porto Alegre - RS, 90110-150",28/10/2017,1576,"157,6","220,64","157,6","189,12",ADI,Estagiário,Administrativo,38,161,9,8,10,7,10,10
494,Helena Carramanhos Peixoto,C,F,23/9/1980,"R. Visc. de Pirajá, 136 - Ipanema, Rio de Janeiro - RJ, 22410-000",18/3/2001,11730,"351,6","791,1",879,"1054,8",FIIII,Coordenador,Financeiro,52,200,"9,2",10,10,7,9,10
285,Henrique Moreira de Brito,S,M,7/11/1974,"Av. Dom Luís, 500 - Aldeota, Fortaleza - CE, 60160-230",18/7/2004,1125,"56,25",135,"112,5",135,ADI,Estagiário,Administrativo,48,57,"8,6",7,10,6,10,10
,,,,,,,,,,,,,,,,,,,,,,
427,Iasmim Jacques Gamboa Fernandez de Oliveira Netto,S,F,16/5/1976,"Rua Antônio Lumack do Monte, 203 - 1 - Boa Viagem, Recife - PE, 51020-350",27/6/2009,16174,"1223,01","815,34","1358,9","1630,68",COIV,Gerente,Comercial,19,166,9,7,8,10,10,10
423,Ighor Araujo Kelly,S,M,20/1/1979,"Av. Dom Luís, 500 - Aldeota, Fortaleza - CE, 60160-230",23/4/2016,8446,"349,8","839,52","699,6","839,52",COII,Analista,Comercial,21,109,9,7,10,9,9,10
282,Igor de Rezende,S,M,4/6/1976,"R. Brasílio Itiberê, 3279 - Água Verde, Curitiba - PR, 80250-160",1/7/2007,4347,"372,42","372,42","413,8","496,56",LOII,Analista,Logística,1,98,8,10,6,8,7,9
328,Igor Feijo,C,M,9/7/1978,"R. Luíz Faccini, 212 - Centro, Guarulhos - SP, 07110-000",29/6/2017,3785,"315,4","283,86","315,4","378,48",FIII,Analista,Financeiro,41,153,"8,2",6,6,9,10,10
355,Igor Iglezias Perdomo,C,M,28/12/1978,"Av. Goiás Norte, 3.592 - quadra 2.1 - St. Mal. Rondon, Goiânia - GO, 74063-010",23/12/2006,10244,"276,87","553,74","922,9","1107,48",COIII,Coordenador,Comercial,17,50,"8,2",7,7,7,10,10
443,Iris da Silva,C,F,29/7/1978,"Av. Goiás Norte, 3.592 - quadra 2.1 - St. Mal. Rondon, Goiânia - GO, 74063-010",28/8/2001,1697,"33,94","84,85","169,7","203,64",LOI,Estagiário,Logística,7,2,"7,4",7,8,2,10,10
264,Isabella Azevedo Moura,C,F,5/5/1987,"R. Brasílio Itiberê, 3279 - Água Verde, Curitiba - PR, 80250-160",22/8/2009,14640,"1178,55","1964,25","1309,5","1571,4",FIIV,Gerente,Financeiro,45,56,"7,6",7,4,8,9,10
18,Isabella Bernardo,S,F,8/5/1978,"Av. Mal. Floriano Peixoto, 2248-2258 - Centro, Nova Iguaçu - RJ, 26210-000",25/10/2017,11278,"348,2","1131,65","870,5","1044,6",COIII,Coordenador,Comercial,60,98,"8,4",8,8,6,10,10
203,Isabella de Azevedo Alves,S,F,5/4/1998,"Av. Barão Homem de Melo, 1389 - Nova Granada, Belo Horizonte - MG, 30431-425",31/3/2016,14984,"917,98","1049,12","1311,4","1573,68",COIV,Gerente,Comercial,60,43,"8,4",10,10,2,10,10
274,Isabella Delgado Fernandes,S,F,26/4/1992,"Av. Goiás Norte, 3.592 - quadra 2.1 - St. Mal. Rondon, Goiânia - GO, 74063-010",16/9/2017,8252,"303,5","910,5",607,"728,4",COII,Analista,Comercial,40,148,"9,6",8,10,10,10,10
298,Isabella Meirelles,S,F,16/4/1980,"Rua Antônio Lumack do Monte, 203 - 1 - Boa Viagem, Recife - PE, 51020-350",1/8/2010,1656,"132,48","215,28","165,6","198,72",ADI,Estagiário,Administrativo,52,20,"7,4",2,8,8,10,9
127,Isabelle de Sá Foly,C,F,10/8/1970,"R. Luíz Faccini, 212 - Centro, Guarulhos - SP, 07110-000",10/2/2010,8765,"668,9","936,46","668,9","802,68",ADII,Analista,Administrativo,52,183,"9,6",10,9,9,10,10
56,Isabelle Tiradentes,S,F,15/6/1972,"Av. Goiás Norte, 3.592 - quadra 2.1 - St. Mal. Rondon, Goiânia - GO, 74063-010",9/5/2003,929,"83,61","130,06","92,9","111,48",COI,Estagiário,Comercial,3,142,"8,4",7,10,7,10,8
183,Jaqueline Rimolo de Menezes,C,F,5/5/1995,"Av. Goiás Norte, 3.592 - quadra 2.1 - St. Mal. Rondon, Goiânia - GO, 74063-010",30/4/2013,7684,"477,2","381,76","477,2","572,64",OPII,Analista,Operações,20,107,"6,2",6,8,3,9,5
331,Jayme Carvalho,S,M,1/3/1986,"Rua Antônio Lumack do Monte, 203 - 1 - Boa Viagem, Recife - PE, 51020-350",10/2/2009,886,"62,02","26,58","88,6","106,32",ADI,Estagiário,Administrativo,50,125,8,7,5,8,10,10
398,Jeferson Pinheiro Mariano,C,M,23/1/1998,"Av. Dom Luís, 500 - Aldeota, Fortaleza - CE, 60160-230",19/1/2016,10967,"919,8","306,6",1022,"1226,4",ADIII,Coordenador,Administrativo,33,39,"7,2",1,9,7,10,9
315,Jeferson Ramos,S,M,7/5/1995,"Rua Quinze de Novembro, 8 - Loja 301a Loja 301b - Centro, Niterói - RJ, 24020-125",2/5/2013,11382,"213,62","1281,72","1068,1","1281,72",ADIII,Coordenador,Administrativo,60,145,"9,6",10,10,10,9,9
368,Jeronimo dos Santos Villares Vianna,S,M,26/10/1983,"R. Luíz Faccini, 212 - Centro, Guarulhos - SP, 07110-000",8/7/2004,13779,"374,64","874,16","1248,8","1498,56",OPIV,Gerente,Operações,21,73,"8,4",7,10,9,10,6
52,Jéssica de Morais Silva,S,F,16/9/1979,"Shopping Barra - Av. Centenário, 2992 - Barra, Salvador - BA, 40155-150",5/11/2014,11518,"436,95","1310,85","873,9","1048,68",LOIII,Coordenador,Logística,13,114,"7,4",6,8,3,10,10
26,Jéssica Neves Heimlich,C,F,20/2/1991,"Shopping Barra - Av. Centenário, 2992 - Barra, Salvador - BA, 40155-150",6/7/2013,12312,"200,98","1205,88","1004,9","1205,88",COIII,Coordenador,Comercial,57,2,"8,6",7,10,7,9,10
14,Jessica Oliveira Lima,C,F,5/2/1986,"R. Visc. de Pirajá, 136 - Ipanema, Rio de Janeiro - RJ, 22410-000",1/2/2004,1993,"179,37","79,72","199,3","239,16",FII,Estagiário,Financeiro,28,111,"8,8",7,10,8,10,9
246,Joana Guimarães,C,F,14/5/1973,"Av. Goiás Norte, 3.592 - quadra 2.1 - St. Mal. Rondon, Goiânia - GO, 74063-010",9/8/2002,1008,"90,72","30,24","100,8","120,96",OPI,Estagiário,Operações,53,189,"7,4",6,10,2,9,10
132,João Barbosa,C,M,17/1/1971,"R. Dr. Antônio Castro Prado, 422 - Vila Rossi e Borchi, Campinas - SP, 13076-130",7/6/2005,13127,"365,85","853,65","1219,5","1463,4",FIIV,Gerente,Financeiro,23,103,9,8,10,8,9,10
383,João de Souza,C,M,3/9/1990,"Av. Barão Homem de Melo, 1389 - Nova Granada, Belo Horizonte - MG, 30431-425",29/8/2008,1053,"105,3","94,77","105,3","126,36",OPI,Estagiário,Operações,54,173,"9,2",7,10,9,10,10
97,João Fagundes,C,M,3/6/1997,"R. Brasílio Itiberê, 3279 - Água Verde, Curitiba - PR, 80250-160",30/5/2015,1269,"63,45","177,66","126,9","152,28",OPI,Estagiário,Operações,4,54,"9,2",8,9,10,10,9
2,João Haddad,C,M,26/4/1974,"R. Luíz Faccini, 212 - Centro, Guarulhos - SP, 07110-000",6/6/2008,875,"43,75",35,"87,5",105,LOI,Estagiário,Logística,31,166,"8,2",7,8,6,10,10
182,Joāo Leite Ursulino,C,M,21/3/1998,"Av. Borges de Medeiros, 3120 - Praia de Belas, Porto Alegre - RS, 90110-150",16/3/2016,3864,"59,58","148,95","297,9","357,48",FIII,Analista,Financeiro,49,30,8,8,10,3,10,9
293,João Lima,C,M,29/10/1980,"Av. Mal. Floriano Peixoto, 2248-2258 - Centro, Nova Iguaçu - RJ, 26210-000",25/10/2008,14003,"1173,15","1173,15","1303,5","1564,2",OPIV,Gerente,Operações,41,38,"9,2",10,8,8,10,10
513,João Monteiro,S,M,9/5/1991,"Av. Goiás Norte, 3.592 - quadra 2.1 - St. Mal. Rondon, Goiânia - GO, 74063-010",4/5/2009,9655,"779,49","866,1","866,1","1039,32",ADIII,Coordenador,Administrativo,59,8,"8,4",10,10,3,9,10
63,João Monteiro,S,M,26/4/1988,"Av. Goiás Norte, 3.592 - quadra 2.1 - St. Mal. Rondon, Goiânia - GO, 74063-010",20/6/2013,7505,"652,4","848,12","652,4","782,88",ADII,Analista,Administrativo,37,174,"6,8",7,4,3,10,10
508,João Negrelli,C,M,15/12/1977,"Av. Borges de Medeiros, 3120 - Praia de Belas, Porto Alegre - RS, 90110-150",6/6/2008,6352,"262,55","420,08","525,1","630,12",FIII,Analista,Financeiro,60,151,"8,4",7,8,8,10,9
65,João Ramos,C,M,10/9/1980,"Rua Quinze de Novembro, 8 - Loja 301a Loja 301b - Centro, Niterói - RJ, 24020-125",6/9/2008,9587,"501,36","919,16","835,6","1002,72",COIII,Coordenador,Comercial,31,61,"9,2",10,8,8,10,10
497,João Resinente,S,M,15/9/1996,"Av. Goiás Norte, 3.592 - quadra 2.1 - St. Mal. Rondon, Goiânia - GO, 74063-010",11/9/2014,7632,"434,21","868,42","620,3","744,36",ADII,Analista,Administrativo,32,132,"6,4",0,10,2,10,10
454,João Rodrigues,C,M,4/1/1991,"Av. Barão Homem de Melo, 1389 - Nova Granada, Belo Horizonte - MG, 30431-425",30/12/2008,1249,"74,94","187,35","124,9","149,88",FII,Estagiário,Financeiro,18,95,"8,8",7,10,7,10,10
352,João Silva Longo de Jesus Viana,S,M,15/7/1977,"Rua Quinze de Novembro, 8 - Loja 301a Loja 301b - Centro, Niterói - RJ, 24020-125",13/5/2006,15468,"420,69","841,38","1402,3","1682,76",ADIV,Gerente,Administrativo,60,88,"7,8",10,9,2,10,8
106,José Cardeman,C,M,3/12/1997,"R. Dr. Antônio Castro Prado, 422 - Vila Rossi e Borchi, Campinas - SP, 13076-130",29/11/2015,11609,"1076,5","861,2","1076,5","1291,8",FIIII,Coordenador,Financeiro,22,175,"5,8",7,1,2,9,10
449,José do Vale Lisboa,S,M,18/11/1989,"Rua Antônio Lumack do Monte, 203 - 1 - Boa Viagem, Recife - PE, 51020-350",5/1/2013,10661,"754,96","660,59","943,7","1132,44",FIIII,Coordenador,Financeiro,7,122,"9,6",10,10,8,10,10
,,,,,,,,,,,,,,,,,,,,,,
73,José Rodrigues Pereira,S,M,30/9/1972,"Rua Antônio Lumack do Monte, 203 - 1 - Boa Viagem, Recife - PE, 51020-350",11/7/2001,7338,"268,64","805,92","671,6","805,92",COII,Analista,Comercial,33,190,"8,2",7,8,7,10,9
440,Juan Fernandes de Araújo,S,M,19/1/1978,"Av. Dom Luís, 500 - Aldeota, Fortaleza - CE, 60160-230",1/9/2016,6256,"476,1","618,93","476,1","571,32",LOII,Analista,Logística,19,82,"8,4",8,10,8,10,6
333,Juan Santos Rosa,S,M,16/4/1998,"Av. Goiás Norte, 3.592 - quadra 2.1 - St. Mal. Rondon, Goiânia - GO, 74063-010",11/4/2016,2032,"101,6","81,28","203,2","243,84",OPI,Estagiário,Operações,14,0,"9,2",10,9,8,10,9
251,Julia Andrade Gomes,C,F,5/6/1974,"Rua Antônio Lumack do Monte, 203 - 1 - Boa Viagem, Recife - PE, 51020-350",18/4/2008,7367,"332,99","142,71","475,7","570,84",ADII,Analista,Administrativo,39,82,"8,4",7,8,8,9,10
266,Julia Bach,C,F,12/11/1985,"R. Teodoro Sampaio, 954 - Pinheiros, São Paulo - SP, 05406-050",8/3/2006,10452,"492,42","1231,05","820,7","984,84",OPIII,Coordenador,Operações,17,48,"8,2",10,8,8,10,5
279,Júlia da Costa Cabral,C,F,16/4/1973,"R. Visc. de Pirajá, 136 - Ipanema, Rio de Janeiro - RJ, 22410-000",20/10/2003,9327,"322,88","807,2","807,2","968,64",ADIII,Coordenador,Administrativo,40,88,"6,6",6,1,7,9,10
471,Júlia de Oliveira,S,F,29/6/1981,"R. Brasílio Itiberê, 3279 - Água Verde, Curitiba - PR, 80250-160",1/5/2002,1234,"111,06","86,38","123,4","148,08",COI,Estagiário,Comercial,35,185,9,10,8,7,10,10
433,Julia Freitas,S,F,27/9/1996,"Av. Mal. Floriano Peixoto, 2248-2258 - Centro, Nova Iguaçu - RJ, 26210-000",23/9/2014,959,"28,77","47,95","95,9","115,08",LOI,Estagiário,Logística,22,81,"5,8",8,8,3,1,9
201,Julia Martins do Nascimento,S,F,19/6/1975,"R. Luíz Faccini, 212 - Centro, Guarulhos - SP, 07110-000",20/6/2000,4970,"61,06","366,36","305,3","366,36",ADII,Analista,Administrativo,33,101,9,8,10,8,10,9
536,Julia Novaes Silva,C,F,8/11/1992,"Av. Borges de Medeiros, 3120 - Praia de Belas, Porto Alegre - RS, 90110-150",31/10/2013,7552,"279,3","670,32","558,6","670,32",COII,Analista,Comercial,41,44,"8,4",7,8,7,10,10
304,Júlia Oliveira de Mello Silva,C,F,3/2/1994,"R. Visc. de Pirajá, 136 - Ipanema, Rio de Janeiro - RJ, 22410-000",6/3/2013,11874,"533,1","1172,82","1066,2","1279,44",ADIII,Coordenador,Administrativo,44,136,"6,8",7,8,3,10,6
243,Juliana Rodrigues,C,F,10/7/1977,"Av. Goiás Norte, 3.592 - quadra 2.1 - St. Mal. Rondon, Goiânia - GO, 74063-010",1/7/2015,841,"84,1","67,28","84,1","100,92",FII,Estagiário,Financeiro,24,15,"9,4",10,8,9,10,10
362,Juliana Stockler,C,F,1/3/1986,"R. Dr. Antônio Castro Prado, 422 - Vila Rossi e Borchi, Campinas - SP, 13076-130",13/5/2014,13100,"826,16","1445,78","1032,7","1239,24",COIII,Coordenador,Comercial,54,29,"6,4",7,8,3,9,5
100,Juliana Vieira Filho,S,F,20/8/1970,"Av. Mal. Floriano Peixoto, 2248-2258 - Centro, Nova Iguaçu - RJ, 26210-000",24/11/2004,12841,"304,68","406,24","1015,6","1218,72",OPIII,Coordenador,Operações,23,98,"8,8",8,9,10,7,10
249,Julie Barros ,S,F,17/5/1973,"Rua Quinze de Novembro, 8 - Loja 301a Loja 301b - Centro, Niterói - RJ, 24020-125",14/9/2005,11454,"750,24","844,02","937,8","1125,36",COIII,Coordenador,Comercial,34,52,7,7,8,2,9,9
325,Karine Cardoso das Chagas,C,F,13/12/1999,"R. Visc. de Pirajá, 136 - Ipanema, Rio de Janeiro - RJ, 22410-000",8/9/2018,10452,"895,4","268,62","895,4","1074,48",OPIII,Coordenador,Operações,20,94,"8,8",8,10,6,10,10
481,Lais Cormack,S,F,11/5/1986,"Av. Goiás Norte, 3.592 - quadra 2.1 - St. Mal. Rondon, Goiânia - GO, 74063-010",2/5/2009,14828,"941,64","403,56","1345,2","1614,24",OPIV,Gerente,Operações,31,44,"9,2",7,10,9,10,10
,,,,,,,,,,,,,,,,,,,,,,
369,Larissa Leal Pedrosa,C,F,26/3/1997,"Av. Barão Homem de Melo, 1389 - Nova Granada, Belo Horizonte - MG, 30431-425",22/3/2015,1470,"117,6","220,5",147,"176,4",ADI,Estagiário,Administrativo,35,11,"7,8",8,10,8,4,9
69,Leandro Almeida Neri,S,M,28/3/1974,"Rua Quinze de Novembro, 8 - Loja 301a Loja 301b - Centro, Niterói - RJ, 24020-125",24/8/2000,11844,"985,77","438,12","1095,3","1314,36",ADIII,Coordenador,Administrativo,17,147,"7,4",4,10,3,10,10
202,Leandro Coutinho,C,M,9/12/1994,"Shopping Barra - Av. Centenário, 2992 - Barra, Salvador - BA, 40155-150",4/12/2012,1912,"95,6","191,2","191,2","229,44",COI,Estagiário,Comercial,25,56,9,7,8,10,10,10
190,Leonardo de Paula,C,M,5/3/1993,"Rua Antônio Lumack do Monte, 203 - 1 - Boa Viagem, Recife - PE, 51020-350",24/5/2013,1115,"33,45","33,45","111,5","133,8",LOI,Estagiário,Logística,16,145,"9,8",10,10,10,10,9
71,Leonardo Valença Castro,S,M,3/4/1989,"R. Brasílio Itiberê, 3279 - Água Verde, Curitiba - PR, 80250-160",28/12/2014,6318,"104,04","780,3","520,2","624,24",OPII,Analista,Operações,31,107,"8,2",7,8,7,9,10
200,Leticia Orichio,S,F,6/10/1978,"Shopping Barra - Av. Centenário, 2992 - Barra, Salvador - BA, 40155-150",18/6/2013,9114,"628,47","488,81","698,3","837,96",COII,Analista,Comercial,13,134,"9,6",10,8,10,10,10
170,Lígia Fernandes Filardi,S,F,19/12/1995,"Av. Dom Luís, 500 - Aldeota, Fortaleza - CE, 60160-230",14/12/2013,965,"48,25","96,5","96,5","115,8",FII,Estagiário,Financeiro,13,153,"8,4",6,8,9,9,10
25,Livia Mello,S,F,4/7/1985,"Av. Mal. Floriano Peixoto, 2248-2258 - Centro, Nova Iguaçu - RJ, 26210-000",30/6/2003,23423,"1697,2","2545,8","2121,5","2545,8",ADV,Diretor,Administrativo,46,160,"9,4",10,8,9,10,10
247,Lorena de Moraes Junior,C,F,11/12/1974,"Av. Dom Luís, 500 - Aldeota, Fortaleza - CE, 60160-230",29/7/2012,6434,"213,5","555,1",427,"512,4",ADII,Analista,Administrativo,28,23,"9,2",10,8,8,10,10
442,Lorena Fernandes,S,F,19/10/1980,"Av. Mal. Floriano Peixoto, 2248-2258 - Centro, Nova Iguaçu - RJ, 26210-000",13/1/2009,7218,"452,5","226,25","452,5",543,COII,Analista,Comercial,32,1,9,10,8,8,10,9
351,Lorena Freire,C,F,4/9/1980,"R. Teodoro Sampaio, 954 - Pinheiros, São Paulo - SP, 05406-050",7/5/2011,1983,"59,49","178,47","198,3","237,96",COI,Estagiário,Comercial,34,168,"7,6",6,8,4,10,10
58,Lorena Marinho,C,F,13/2/1994,"Av. Barão Homem de Melo, 1389 - Nova Granada, Belo Horizonte - MG, 30431-425",9/2/2012,6188,"84,44","337,76","422,2","506,64",LOII,Analista,Logística,17,162,7,7,8,8,10,2
33,Luana Lopes,C,F,17/6/1982,"Rua Antônio Lumack do Monte, 203 - 1 - Boa Viagem, Recife - PE, 51020-350",31/1/2016,13182,"217,6","652,8",1088,"1305,6",ADIII,Coordenador,Administrativo,17,68,8,8,8,8,7,9
91,Luana Stockler,S,F,22/7/1989,"Rua Antônio Lumack do Monte, 203 - 1 - Boa Viagem, Recife - PE, 51020-350",18/7/2007,11106,"538,86","269,43","898,1","1077,72",COIII,Coordenador,Comercial,10,69,"6,6",2,4,8,9,10
13,Luca Costa,C,M,24/9/1977,"Av. Dom Luís, 500 - Aldeota, Fortaleza - CE, 60160-230",30/11/2008,13774,378,378,1260,1512,LOIV,Gerente,Logística,45,117,9,10,8,7,10,10
415,Lucas Alvarenga dos Santos,C,M,25/6/1994,"Shopping Barra - Av. Centenário, 2992 - Barra, Salvador - BA, 40155-150",20/6/2012,1164,"34,92","81,48","116,4","139,68",ADI,Estagiário,Administrativo,12,132,8,8,8,4,10,10
470,Lucas Alvim,S,M,28/5/1992,"Shopping Barra - Av. Centenário, 2992 - Barra, Salvador - BA, 40155-150",24/5/2010,14751,"1068,8","1068,8",1336,"1603,2",OPIV,Gerente,Operações,40,42,"5,8",7,8,8,1,5
215,Lucas Bach,C,M,18/1/1991,"R. Brasílio Itiberê, 3279 - Água Verde, Curitiba - PR, 80250-160",13/1/2009,1711,"153,99","102,66","171,1","205,32",OPI,Estagiário,Operações,30,192,"7,8",8,8,3,10,10
,,,,,,,,,,,,,,,,,,,,,,
76,Lucas de Jesus,C,M,20/11/1985,"Av. Dom Luís, 500 - Aldeota, Fortaleza - CE, 60160-230",25/9/2004,6797,283,"735,8",566,"679,2",ADII,Analista,Administrativo,57,18,"9,2",10,8,9,10,9
72,Lucas Duarte,S,M,3/1/1970,"R. Luíz Faccini, 212 - Centro, Guarulhos - SP, 07110-000",13/4/2006,7037,"111,9","559,5","559,5","671,4",LOII,Analista,Logística,56,46,"7,8",1,10,8,10,10
390,Lucas Guadagnino,S,M,7/2/1988,"Av. Mal. Floriano Peixoto, 2248-2258 - Centro, Nova Iguaçu - RJ, 26210-000",27/12/2009,5121,"271,53","426,69","387,9","465,48",OPII,Analista,Operações,50,92,"8,6",7,10,9,10,7
228,Lucas Luca Lima Barbosa,S,M,18/9/1995,"Av. Borges de Medeiros, 3120 - Praia de Belas, Porto Alegre - RS, 90110-150",13/9/2013,978,"48,9","78,24","97,8","117,36",FII,Estagiário,Financeiro,51,74,"8,2",7,7,8,10,9
118,Lucas Martins,C,M,10/1/1988,"R. Dr. Antônio Castro Prado, 422 - Vila Rossi e Borchi, Campinas - SP, 13076-130",23/2/2017,10229,"380,92","857,07","952,3","1142,76",OPIII,Coordenador,Operações,25,133,"8,2",8,10,3,10,10
462,Lucas Procaci,S,M,19/3/1992,"R. Luíz Faccini, 212 - Centro, Guarulhos - SP, 07110-000",15/3/2010,6828,"114,12","570,6","570,6","684,72",ADII,Analista,Administrativo,37,38,"9,6",10,8,10,10,10
260,Lucas Racy,S,M,6/2/1970,"R. Dr. Antônio Castro Prado, 422 - Vila Rossi e Borchi, Campinas - SP, 13076-130",19/9/2004,1331,"93,17","173,03","133,1","159,72",LOI,Estagiário,Logística,4,52,9,8,8,9,10,10
301,Luis Azevedo,C,M,10/10/1987,"Av. Goiás Norte, 3.592 - quadra 2.1 - St. Mal. Rondon, Goiânia - GO, 74063-010",5/10/2005,5809,"441,7","265,02","441,7","530,04",FIII,Analista,Financeiro,46,135,"9,2",10,8,8,10,10
465,Luis Figueiredo Gabriel,S,M,11/7/1988,"Av. Barão Homem de Melo, 1389 - Nova Granada, Belo Horizonte - MG, 30431-425",11/1/2013,1996,"99,8","179,64","199,6","239,52",COI,Estagiário,Comercial,8,126,8,8,10,7,5,10
172,Luis Guimarães,S,M,12/4/1974,"Shopping Barra - Av. Centenário, 2992 - Barra, Salvador - BA, 40155-150",8/8/2011,6180,"314,79","359,76","449,7","539,64",COII,Analista,Comercial,41,17,"8,8",8,8,8,10,10
,,,,,,,,,,,,,,,,,,,,,,
28,Luís Werneck,S,M,19/10/1991,"R. Brasílio Itiberê, 3279 - Água Verde, Curitiba - PR, 80250-160",14/10/2009,14255,"1342,4","402,72","1342,4","1610,88",COIV,Gerente,Comercial,44,97,"9,2",10,10,8,9,9
485,Luisa da Costa,C,F,14/4/1983,"Shopping Barra - Av. Centenário, 2992 - Barra, Salvador - BA, 40155-150",10/5/2015,1979,"98,95","178,11","197,9","237,48",OPI,Estagiário,Operações,52,106,8,7,10,8,5,10
381,Luiz Costa Vasconcellos,C,M,31/3/1993,"Av. Dom Luís, 500 - Aldeota, Fortaleza - CE, 60160-230",27/3/2011,10328,"435,85","348,68","871,7","1046,04",OPIII,Coordenador,Operações,34,79,"6,8",4,8,7,10,5
468,Luiz de Mattos,C,M,1/10/1992,"Rua Quinze de Novembro, 8 - Loja 301a Loja 301b - Centro, Niterói - RJ, 24020-125",27/9/2010,12005,"769,93","1099,9","1099,9","1319,88",LOIII,Coordenador,Logística,56,38,6,6,8,4,2,10
156,Luiz Gonçalves,C,M,3/2/1981,"R. Luíz Faccini, 212 - Centro, Guarulhos - SP, 07110-000",14/12/2000,11511,"805,36","1308,71","1006,7","1208,04",OPIII,Coordenador,Operações,2,22,9,10,10,9,10,6
62,Luiz Guarçoni Migueis,C,M,2/9/1980,"Rua Antônio Lumack do Monte, 203 - 1 - Boa Viagem, Recife - PE, 51020-350",23/2/2014,10656,"482,55","1158,12","965,1","1158,12",COIII,Coordenador,Comercial,9,193,"7,2",7,9,6,9,5
280,Luiz Ladogano,S,M,22/5/1981,"R. Teodoro Sampaio, 954 - Pinheiros, São Paulo - SP, 05406-050",13/2/2010,7015,"439,2","384,3",549,"658,8",FIII,Analista,Financeiro,23,87,"6,8",8,10,2,4,10
70,Luiz Rodrigues Chaves,S,M,18/1/1983,"R. Teodoro Sampaio, 954 - Pinheiros, São Paulo - SP, 05406-050",13/1/2001,837,"25,11","83,7","83,7","100,44",OPI,Estagiário,Operações,32,157,"7,4",7,8,2,10,10
284,Luiz Viana,S,M,20/12/1983,"Av. Dom Luís, 500 - Aldeota, Fortaleza - CE, 60160-230",31/10/2010,1197,"35,91","179,55","119,7","143,64",LOI,Estagiário,Logística,22,172,"7,4",4,8,7,10,8
263,Luiza Castro Guimarães,C,F,5/2/1983,"R. Luíz Faccini, 212 - Centro, Guarulhos - SP, 07110-000",17/6/2013,11273,"698,32","698,32","997,6","1197,12",COIII,Coordenador,Comercial,51,140,"8,6",6,8,9,10,10
456,Luiza Garcia Soares,S,F,19/2/1995,"Av. Mal. Floriano Peixoto, 2248-2258 - Centro, Nova Iguaçu - RJ, 26210-000",14/2/2013,7046,"95,54","382,16","477,7","573,24",OPII,Analista,Operações,16,140,9,10,10,6,9,10
466,Luiza Monnerat,C,F,16/9/1994,"Av. Barão Homem de Melo, 1389 - Nova Granada, Belo Horizonte - MG, 30431-425",11/9/2012,12467,"207,56","415,12","1037,8","1245,36",ADIII,Coordenador,Administrativo,54,123,"9,2",7,10,9,10,10
332,Luíza Roussef,C,F,10/2/1992,"R. Dr. Antônio Castro Prado, 422 - Vila Rossi e Borchi, Campinas - SP, 13076-130",5/2/2010,1420,"56,8",213,142,"170,4",ADI,Estagiário,Administrativo,3,95,"8,4",7,8,7,10,10
322,Luiza Sobrinho Pereira,C,F,1/10/1995,"Av. Borges de Medeiros, 3120 - Praia de Belas, Porto Alegre - RS, 90110-150",7/3/2016,1738,"52,14","69,52","173,8","208,56",FII,Estagiário,Financeiro,48,60,"9,2",7,10,9,10,10
498,Luize da Costa,S,F,28/11/1980,"R. Visc. de Pirajá, 136 - Ipanema, Rio de Janeiro - RJ, 22410-000",12/1/2013,10000,"592,76","931,48","846,8","1016,16",ADIII,Coordenador,Administrativo,56,11,"8,8",7,8,9,10,10
519,Manuela Abreu Braga Martins,S,F,3/11/1984,"Av. Borges de Medeiros, 3120 - Praia de Belas, Porto Alegre - RS, 90110-150",10/3/2013,16466,"1023,26","1607,98","1461,8","1754,16",FIIV,Gerente,Financeiro,41,58,"7,4",1,7,9,10,10
257,Manuela Tavares,S,F,21/1/1987,"Av. Mal. Floriano Peixoto, 2248-2258 - Centro, Nova Iguaçu - RJ, 26210-000",11/4/2014,12694,"206,42","1444,94","1032,1","1238,52",COIII,Coordenador,Comercial,28,152,"8,8",8,10,7,10,9
419,Marcello Jorge Montanholi,C,M,15/5/1984,"R. Teodoro Sampaio, 954 - Pinheiros, São Paulo - SP, 05406-050",4/6/2002,9445,"246,9","246,9",823,"987,6",OPIII,Coordenador,Operações,21,20,"7,6",7,8,8,10,5
402,Marcello Rebouças,C,M,6/6/1987,"R. Brasílio Itiberê, 3279 - Água Verde, Curitiba - PR, 80250-160",1/6/2005,800,72,120,80,96,OPI,Estagiário,Operações,31,179,10,10,10,10,10,10
38,Marcelo Amaral Coelho,S,M,29/4/1995,"R. Teodoro Sampaio, 954 - Pinheiros, São Paulo - SP, 05406-050",24/4/2013,891,"35,64","124,74","89,1","106,92",OPI,Estagiário,Operações,31,173,"8,4",8,10,8,10,6
459,Marcelo Monnerat,S,M,3/9/1985,"R. Luíz Faccini, 212 - Centro, Guarulhos - SP, 07110-000",15/8/2012,6930,"486,48","304,05","608,1","729,72",COII,Analista,Comercial,52,128,"7,6",8,10,7,10,3
37,Marcos Almeida Albuquerque Faria,C,M,26/2/1978,"Av. Goiás Norte, 3.592 - quadra 2.1 - St. Mal. Rondon, Goiânia - GO, 74063-010",28/11/2016,7169,"500,16","875,28","625,2","750,24",FIII,Analista,Financeiro,25,120,"7,8",2,10,7,10,10
214,Marcus de Azevedo,C,M,10/11/1970,"R. Dr. Antônio Castro Prado, 422 - Vila Rossi e Borchi, Campinas - SP, 13076-130",9/7/2008,6090,"486,7","340,69","486,7","584,04",OPII,Analista,Operações,16,137,"7,8",8,8,7,10,6
444,Maria Freire de Souza,S,F,28/7/1987,"Shopping Barra - Av. Centenário, 2992 - Barra, Salvador - BA, 40155-150",11/3/2011,864,"69,12","25,92","86,4","103,68",OPI,Estagiário,Operações,13,131,"8,4",7,8,7,10,10
259,Maria Leite Ursulino,S,F,12/1/1979,"Rua Quinze de Novembro, 8 - Loja 301a Loja 301b - Centro, Niterói - RJ, 24020-125",26/6/2003,5430,"232,33","265,52","331,9","398,28",LOII,Analista,Logística,31,162,"7,8",10,0,10,10,9
138,Maria Lopes de Almeida,S,F,6/9/1996,"Av. Mal. Floriano Peixoto, 2248-2258 - Centro, Nova Iguaçu - RJ, 26210-000",2/9/2014,6503,"201,9","403,8","403,8","484,56",COII,Analista,Comercial,4,173,"8,4",7,8,8,10,9
517,Maria Mello,C,F,14/9/1996,"R. Brasílio Itiberê, 3279 - Água Verde, Curitiba - PR, 80250-160",10/9/2014,8312,"123,84","433,44","619,2","743,04",LOII,Analista,Logística,7,12,"8,6",5,10,8,10,10
503,Mariana Almeida Alexandre,C,F,13/6/1991,"Av. Barão Homem de Melo, 1389 - Nova Granada, Belo Horizonte - MG, 30431-425",8/6/2009,11860,"393,44","786,88","983,6","1180,32",OPIII,Coordenador,Operações,30,127,"8,4",6,10,7,10,9
319,Mariana Figueiredo Barbosa,S,F,12/11/1975,"Av. Goiás Norte, 3.592 - quadra 2.1 - St. Mal. Rondon, Goiânia - GO, 74063-010",15/12/2003,13009,"1022,4","1022,4","1022,4","1226,88",COIII,Coordenador,Comercial,49,150,"8,4",7,8,7,10,10
265,Mariana Garcia Soares,C,F,27/1/1973,"R. Dr. Antônio Castro Prado, 422 - Vila Rossi e Borchi, Campinas - SP, 13076-130",24/8/2003,1929,"173,61","115,74","192,9","231,48",FII,Estagiário,Financeiro,23,137,"8,6",6,8,9,10,10
45,Mariana Martins,C,F,28/4/1993,"Av. Goiás Norte, 3.592 - quadra 2.1 - St. Mal. Rondon, Goiânia - GO, 74063-010",24/4/2011,7559,"106,46","479,07","532,3","638,76",COII,Analista,Comercial,55,142,"8,2",8,9,9,5,10
491,Mariana Sartorio,S,F,16/1/1985,"R. Dr. Antônio Castro Prado, 422 - Vila Rossi e Borchi, Campinas - SP, 13076-130",15/1/2004,5787,"66,64","399,84","333,2","399,84",COII,Analista,Comercial,12,155,"7,8",7,9,8,10,5
382,Mariana Schwenck Gullo,S,F,19/2/1995,"Av. Barão Homem de Melo, 1389 - Nova Granada, Belo Horizonte - MG, 30431-425",14/2/2013,14887,"1072,88","1341,1","1341,1","1609,32",FIIV,Gerente,Financeiro,23,32,"7,8",7,10,7,9,6
414,Marianna Oliveira Leite Silva,S,F,29/4/1980,"R. Dr. Antônio Castro Prado, 422 - Vila Rossi e Borchi, Campinas - SP, 13076-130",20/3/2002,1379,"68,95","179,27","137,9","165,48",ADI,Estagiário,Administrativo,9,166,"7,8",7,8,4,10,10
48,Marianna Pereira da Silva,S,F,6/10/1997,"Rua Quinze de Novembro, 8 - Loja 301a Loja 301b - Centro, Niterói - RJ, 24020-125",2/10/2015,1301,"65,05","182,14","130,1","156,12",FII,Estagiário,Financeiro,16,160,"7,6",8,1,9,10,10
197,Marina de Godoy,C,F,5/10/1976,"Rua Antônio Lumack do Monte, 203 - 1 - Boa Viagem, Recife - PE, 51020-350",7/5/2004,5410,"117,15","585,75","390,5","468,6",FIII,Analista,Financeiro,1,80,"8,8",7,10,8,10,9
345,Marina Duarte Barbosa,S,F,5/9/1987,"Av. Borges de Medeiros, 3120 - Praia de Belas, Porto Alegre - RS, 90110-150",19/2/2007,5029,"91,74","458,7","305,8","366,96",FIII,Analista,Financeiro,44,172,"7,6",8,8,2,10,10
196,Marina Lobo Meira,C,F,14/5/1980,"R. Visc. de Pirajá, 136 - Ipanema, Rio de Janeiro - RJ, 22410-000",23/12/2017,7429,"317,04","581,24","528,4","634,08",LOII,Analista,Logística,55,112,"5,4",7,2,3,10,5
32,Marina Silva Pacheco,C,F,16/2/1981,"R. Brasílio Itiberê, 3279 - Água Verde, Curitiba - PR, 80250-160",24/2/2002,11316,"378,24","1323,84","945,6","1134,72",ADIII,Coordenador,Administrativo,4,149,"8,4",4,9,9,10,10
94,Marina Vasconcelos de Sousa,C,F,8/3/1974,"Av. Goiás Norte, 3.592 - quadra 2.1 - St. Mal. Rondon, Goiânia - GO, 74063-010",1/8/2004,11793,"189,92","664,72","949,6","1139,52",OPIII,Coordenador,Operações,35,145,9,7,10,9,10,9
364,Marta Fahrnholz,C,F,21/4/1988,"R. Dr. Antônio Castro Prado, 422 - Vila Rossi e Borchi, Campinas - SP, 13076-130",17/4/2006,16205,"870,96","1596,76","1451,6","1741,92",COIV,Gerente,Comercial,19,186,"6,6",6,0,8,10,9
234,Maryanna Ferraz,C,F,9/11/1995,"R. Brasílio Itiberê, 3279 - Água Verde, Curitiba - PR, 80250-160",4/11/2013,8354,"624,6","208,2",694,"832,8",FIII,Analista,Financeiro,16,36,"8,8",10,8,7,10,9
312,Matheus Alvarez,C,M,2/1/1986,"Shopping Barra - Av. Centenário, 2992 - Barra, Salvador - BA, 40155-150",29/12/2003,1027,"82,16","41,08","102,7","123,24",COI,Estagiário,Comercial,14,22,"8,2",7,8,7,9,10
303,Matheus Andrade Machado,C,M,15/4/1998,"Rua Antônio Lumack do Monte, 203 - 1 - Boa Viagem, Recife - PE, 51020-350",10/4/2016,1444,"43,32","115,52","144,4","173,28",ADI,Estagiário,Administrativo,25,29,"8,6",7,8,8,10,10
387,Matheus Andrade Souza,C,M,10/8/1974,"Av. Borges de Medeiros, 3120 - Praia de Belas, Porto Alegre - RS, 90110-150",28/9/2001,10572,"718,13","923,31","1025,9","1231,08",LOIII,Coordenador,Logística,0,47,"8,6",8,8,8,10,9
256,Matheus de Souza Fróes,S,M,27/7/1982,"R. Teodoro Sampaio, 954 - Pinheiros, São Paulo - SP, 05406-050",22/7/2000,11395,"205,02","307,53","1025,1","1230,12",LOIII,Coordenador,Logística,60,117,8,7,4,9,10,10
,,,,,,,,,,,,,,,,,,,,,,
208,Matheus Matta Marques,S,M,9/1/1988,"Shopping Barra - Av. Centenário, 2992 - Barra, Salvador - BA, 40155-150",9/9/2013,6103,"385,7","165,3",551,"661,2",ADII,Analista,Administrativo,60,154,"7,2",10,8,8,2,8
344,Matheus Monteiro,S,M,5/6/1988,"Av. Barão Homem de Melo, 1389 - Nova Granada, Belo Horizonte - MG, 30431-425",10/11/2011,1276,"102,08","140,36","127,6","153,12",COI,Estagiário,Comercial,30,128,8,2,10,8,10,10
44,Matheus Pereira dos Santos,C,M,3/9/1981,"Rua Antônio Lumack do Monte, 203 - 1 - Boa Viagem, Recife - PE, 51020-350",24/5/2009,1269,"38,07","50,76","126,9","152,28",OPI,Estagiário,Operações,56,152,"7,8",8,8,8,10,5
418,Matheus Rodrigues Luiz,C,M,29/1/1994,"R. Visc. de Pirajá, 136 - Ipanema, Rio de Janeiro - RJ, 22410-000",25/1/2012,1406,"42,18","154,66","140,6","168,72",OPI,Estagiário,Operações,12,196,"7,4",7,1,9,10,10
407,Matheus Rubio,S,M,20/1/1996,"R. Dr. Antônio Castro Prado, 422 - Vila Rossi e Borchi, Campinas - SP, 13076-130",15/1/2014,1924,"134,68","192,4","192,4","230,88",LOI,Estagiário,Logística,36,183,"7,4",7,10,2,10,8
51,Matheus Sepúlveda,S,M,1/1/1984,"R. Teodoro Sampaio, 954 - Pinheiros, São Paulo - SP, 05406-050",1/6/2013,940,94,"122,2",94,"112,8",ADI,Estagiário,Administrativo,14,44,"7,8",10,0,9,10,10
112,Matheus Sone,S,M,2/2/1977,"Av. Mal. Floriano Peixoto, 2248-2258 - Centro, Nova Iguaçu - RJ, 26210-000",27/3/2003,10863,"795,44","1193,16","994,3","1193,16",OPIII,Coordenador,Operações,42,97,8,7,10,3,10,10
480,Mauricio Jardim,S,M,21/11/1971,"R. Visc. de Pirajá, 136 - Ipanema, Rio de Janeiro - RJ, 22410-000",24/3/2007,14998,"410,43","1641,72","1368,1","1641,72",LOIV,Gerente,Logística,22,195,"8,6",6,8,9,10,10
61,Michelle Zerbinato,C,F,5/12/1992,"R. Dr. Antônio Castro Prado, 422 - Vila Rossi e Borchi, Campinas - SP, 13076-130",7/3/2015,1545,"139,05","61,8","154,5","185,4",LOI,Estagiário,Logística,4,81,"8,4",7,7,8,10,10
306,Milena Brum,S,F,12/2/1997,"Rua Antônio Lumack do Monte, 203 - 1 - Boa Viagem, Recife - PE, 51020-350",8/2/2015,6286,"351,26","602,16","501,8","602,16",ADII,Analista,Administrativo,55,57,"8,8",7,10,8,10,9
453,Milena Cândido Xavier Ferreira,S,F,28/8/1997,"Av. Mal. Floriano Peixoto, 2248-2258 - Centro, Nova Iguaçu - RJ, 26210-000",24/8/2015,1704,"153,36","170,4","170,4","204,48",COI,Estagiário,Comercial,14,183,"6,8",7,8,7,10,2
482,Milena Fernandes,C,F,20/10/1971,"Av. Dom Luís, 500 - Aldeota, Fortaleza - CE, 60160-230",6/1/2001,11010,"186,76","747,04","933,8","1120,56",LOIII,Coordenador,Logística,19,54,"9,4",10,10,8,10,9
130,Mylena Pinheiro Mariano,S,F,1/8/1990,"Av. Barão Homem de Melo, 1389 - Nova Granada, Belo Horizonte - MG, 30431-425",27/7/2008,10090,"571,48","1142,96","816,4","979,68",COIII,Coordenador,Comercial,5,163,"8,8",8,10,7,9,10
326,Myllena Nacif,C,F,14/7/1977,"Av. Barão Homem de Melo, 1389 - Nova Granada, Belo Horizonte - MG, 30431-425",7/10/2011,13073,"844,64","422,32","1055,8","1266,96",LOIII,Coordenador,Logística,6,185,"7,2",2,8,6,10,10
277,Nathália Augusto Oliveira,C,F,4/5/1977,"Shopping Barra - Av. Centenário, 2992 - Barra, Salvador - BA, 40155-150",1/10/2005,6920,"439,12","658,68","548,9","658,68",LOII,Analista,Logística,53,178,"7,2",6,8,6,6,10
232,Nathalia Bach,S,F,12/10/1978,"Av. Dom Luís, 500 - Aldeota, Fortaleza - CE, 60160-230",22/9/2015,7448,"391,79","223,88","559,7","671,64",FIII,Analista,Financeiro,26,15,"8,6",7,8,8,10,10
,,,,,,,,,,,,,,,,,,,,,,
377,Nathalia de Sousa Vaz Rangel,C,F,23/9/1983,"Shopping Barra - Av. Centenário, 2992 - Barra, Salvador - BA, 40155-150",18/9/2001,5427,"205,98","205,98","343,3","411,96",LOII,Analista,Logística,54,190,"9,6",10,10,8,10,10
525,Nathália Fernandes de Araújo,C,F,27/4/1978,"R. Brasílio Itiberê, 3279 - Água Verde, Curitiba - PR, 80250-160",24/9/2017,16612,"1391,1","556,44","1391,1","1669,32",ADIV,Gerente,Administrativo,1,124,"6,6",7,10,3,9,4
413,Nathalia Melo Eiras,C,F,13/8/1992,"Rua Antônio Lumack do Monte, 203 - 1 - Boa Viagem, Recife - PE, 51020-350",19/8/2013,15133,"977,62","1536,26","1396,6","1675,92",COIV,Gerente,Comercial,31,170,"8,4",6,8,8,10,10
496,Nicolas Conceição Leite,S,M,4/8/1980,"Rua Antônio Lumack do Monte, 203 - 1 - Boa Viagem, Recife - PE, 51020-350",14/3/2011,1434,"57,36","71,7","143,4","172,08",COI,Estagiário,Comercial,3,40,"8,4",7,8,8,10,9
236,Nicole Vaz,S,F,8/2/1972,"R. Brasílio Itiberê, 3279 - Água Verde, Curitiba - PR, 80250-160",13/6/2006,16017,"722,85","1879,41","1445,7","1734,84",LOIV,Gerente,Logística,50,60,"8,4",6,10,9,9,8
518,Nuno de Oliveira Sampaio,S,M,11/2/1996,"Av. Dom Luís, 500 - Aldeota, Fortaleza - CE, 60160-230",6/2/2014,1434,"28,68","172,08","143,4","172,08",COI,Estagiário,Comercial,3,14,"8,6",7,8,8,10,10
483,Paloma Agostinho Marques dos Santos,S,F,18/12/1988,"Rua Quinze de Novembro, 8 - Loja 301a Loja 301b - Centro, Niterói - RJ, 24020-125",14/12/2006,5213,"158,4","126,72","316,8","380,16",COII,Analista,Comercial,58,72,"8,8",7,8,9,10,10
139,Paloma Albano,S,F,21/4/1982,"R. Brasílio Itiberê, 3279 - Água Verde, Curitiba - PR, 80250-160",1/7/2008,11644,"734,65","419,8","1049,5","1259,4",ADIII,Coordenador,Administrativo,26,135,"7,4",7,7,4,10,9
463,Paloma Melo Lyra,C,F,19/5/1979,"Av. Mal. Floriano Peixoto, 2248-2258 - Centro, Nova Iguaçu - RJ, 26210-000",7/3/2005,2037,"203,7","203,7","203,7","244,44",COI,Estagiário,Comercial,40,111,9,8,8,10,10,9
222,Patricia Vieira Branco de Matos,C,F,21/10/1986,"Shopping Barra - Av. Centenário, 2992 - Barra, Salvador - BA, 40155-150",22/7/2015,10983,"530,88","619,36","884,8","1061,76",LOIII,Coordenador,Logística,15,124,"7,2",8,8,8,10,2
54,Patrick da Silva Farias,C,M,27/1/1994,"Rua Quinze de Novembro, 8 - Loja 301a Loja 301b - Centro, Niterói - RJ, 24020-125",23/1/2012,1916,"95,8","114,96","191,6","229,92",ADI,Estagiário,Administrativo,22,76,"6,8",2,8,4,10,10
216,Paula de Sousa Leite,C,F,10/5/1995,"Av. Goiás Norte, 3.592 - quadra 2.1 - St. Mal. Rondon, Goiânia - GO, 74063-010",5/5/2013,6212,"232,2","232,2","464,4","557,28",COII,Analista,Comercial,40,108,9,8,10,8,9,10
184,Paula Gonçalves Gomes,S,F,21/1/1972,"Av. Mal. Floriano Peixoto, 2248-2258 - Centro, Nova Iguaçu - RJ, 26210-000",17/6/2000,5507,"122,1","203,5",407,"488,4",COII,Analista,Comercial,49,161,"9,4",9,8,10,10,10
367,Paula Marques Ribeiro,S,F,4/9/1984,"R. Dr. Antônio Castro Prado, 422 - Vila Rossi e Borchi, Campinas - SP, 13076-130",31/8/2002,864,"77,76","69,12","86,4","103,68",COI,Estagiário,Comercial,34,185,"8,6",8,8,8,10,9
242,Paula Mota,S,F,4/12/1999,"Av. Dom Luís, 500 - Aldeota, Fortaleza - CE, 60160-230",29/6/2018,12252,"409,68","819,36","1024,2","1229,04",COIII,Coordenador,Comercial,43,28,"8,4",10,9,4,10,9
441,Paula Pessanha,C,F,19/6/1974,"R. Visc. de Pirajá, 136 - Ipanema, Rio de Janeiro - RJ, 22410-000",24/8/2006,5599,"120,84","483,36","402,8","483,36",FIII,Analista,Financeiro,42,34,"8,6",7,10,7,9,10
505,Paulo de Oliveira e Mello,S,M,4/9/1976,"Rua Antônio Lumack do Monte, 203 - 1 - Boa Viagem, Recife - PE, 51020-350",3/3/2007,7022,"537,57","597,3","597,3","716,76",COII,Analista,Comercial,31,118,"8,2",10,8,3,10,10
121,Paulo Rodrigues Pereira,C,M,6/11/1980,"R. Luíz Faccini, 212 - Centro, Guarulhos - SP, 07110-000",21/5/2004,7286,"185,49","432,81","618,3","741,96",LOII,Analista,Logística,33,185,"9,4",10,9,8,10,10
318,Paulo Souza,C,M,13/6/1985,"R. Teodoro Sampaio, 954 - Pinheiros, São Paulo - SP, 05406-050",28/7/2013,1316,"39,48","78,96","131,6","157,92",OPI,Estagiário,Operações,46,103,8,7,9,9,10,5
177,Pedro Alcoforado,S,M,10/10/1977,"Rua Antônio Lumack do Monte, 203 - 1 - Boa Viagem, Recife - PE, 51020-350",26/5/2001,15147,"412,23","961,87","1374,1","1648,92",OPIV,Gerente,Operações,36,50,"7,6",7,8,8,10,5
199,Pedro Araujo Kelly,S,M,28/3/1982,"Av. Goiás Norte, 3.592 - quadra 2.1 - St. Mal. Rondon, Goiânia - GO, 74063-010",3/6/2005,1646,"115,22","98,76","164,6","197,52",ADI,Estagiário,Administrativo,12,54,8,7,8,7,8,10
129,Pedro Assis,S,M,15/4/1974,"R. Brasílio Itiberê, 3279 - Água Verde, Curitiba - PR, 80250-160",20/3/2009,5530,"378,8","236,75","473,5","568,2",LOII,Analista,Logística,9,192,"8,2",6,6,10,10,9
359,Pedro Bernhardt,C,M,6/11/1973,"Rua Antônio Lumack do Monte, 203 - 1 - Boa Viagem, Recife - PE, 51020-350",28/5/2008,11012,"482,95","579,54","965,9","1159,08",OPIII,Coordenador,Operações,33,64,8,7,10,3,10,10
17,Pedro Carrera,S,M,12/7/1971,"Av. Barão Homem de Melo, 1389 - Nova Granada, Belo Horizonte - MG, 30431-425",23/8/2001,10672,"306,66","613,32","1022,2","1226,64",LOIII,Coordenador,Logística,55,179,"7,6",3,8,8,10,9
221,Pedro Correa Rodriguez,C,M,18/9/1989,"Av. Goiás Norte, 3.592 - quadra 2.1 - St. Mal. Rondon, Goiânia - GO, 74063-010",21/6/2016,9333,"543,66","453,05","906,1","1087,32",OPIII,Coordenador,Operações,26,108,"8,4",10,4,9,10,9
484,Pedro da Silva,S,M,1/12/1971,"Av. Mal. Floriano Peixoto, 2248-2258 - Centro, Nova Iguaçu - RJ, 26210-000",30/11/2002,15912,600,1650,1500,1800,OPIV,Gerente,Operações,44,159,"8,2",5,8,8,10,10
239,Pedro Domingos,C,M,21/5/1988,"Shopping Barra - Av. Centenário, 2992 - Barra, Salvador - BA, 40155-150",17/5/2006,2097,"104,85","83,88","209,7","251,64",FII,Estagiário,Financeiro,34,22,"8,8",7,8,9,10,10
428,Pedro Hanashiro Moraes,C,M,18/10/1981,"Av. Barão Homem de Melo, 1389 - Nova Granada, Belo Horizonte - MG, 30431-425",10/2/2005,808,"56,56","48,48","80,8","96,96",OPI,Estagiário,Operações,29,121,"7,2",7,9,2,8,10
353,Pedro Helal,C,M,9/6/1974,"R. Visc. de Pirajá, 136 - Ipanema, Rio de Janeiro - RJ, 22410-000",6/5/2009,9480,438,"1051,2",876,"1051,2",FIIII,Coordenador,Financeiro,42,157,8,8,8,9,10,5
490,Pedro Jardim,S,M,8/3/1992,"R. Visc. de Pirajá, 136 - Ipanema, Rio de Janeiro - RJ, 22410-000",12/1/2015,10804,"828,8","1243,2",1036,"1243,2",ADIII,Coordenador,Administrativo,49,120,9,10,8,7,10,10
379,Pedro Lopes de Oliveira,S,M,27/7/1972,"Rua Antônio Lumack do Monte, 203 - 1 - Boa Viagem, Recife - PE, 51020-350",20/9/2003,1404,"112,32","56,16","140,4","168,48",FII,Estagiário,Financeiro,40,37,"7,2",8,8,8,2,10
66,Poline Limp,S,F,1/4/1976,"Rua Antônio Lumack do Monte, 203 - 1 - Boa Viagem, Recife - PE, 51020-350",17/2/2012,906,"63,42","81,54","90,6","108,72",LOI,Estagiário,Logística,21,162,"7,4",7,10,4,6,10
248,Priscila de Oliveira,S,F,12/6/1997,"Rua Quinze de Novembro, 8 - Loja 301a Loja 301b - Centro, Niterói - RJ, 24020-125",8/6/2015,5781,"295,56","262,72","328,4","394,08",FIII,Analista,Financeiro,56,198,"8,4",10,10,10,3,9
,,,,,,,,,,,,,,,,,,,,,,
357,Rachel Ferreira,C,M,16/7/1980,"Av. Goiás Norte, 3.592 - quadra 2.1 - St. Mal. Rondon, Goiânia - GO, 74063-010",5/2/2007,14948,"820,44","1777,62","1367,4","1640,88",COIV,Gerente,Comercial,50,22,"7,8",10,10,9,5,5
189,Rafael Carrera,S,M,22/11/1983,"Rua Antônio Lumack do Monte, 203 - 1 - Boa Viagem, Recife - PE, 51020-350",9/3/2017,1612,"48,36","96,72","161,2","193,44",OPI,Estagiário,Operações,2,172,9,8,8,9,10,10
283,Rafael de Souza,S,M,2/9/1986,"Shopping Barra - Av. Centenário, 2992 - Barra, Salvador - BA, 40155-150",28/8/2004,11135,"308,16","308,16","1027,2","1232,64",LOIII,Coordenador,Logística,34,81,9,8,10,8,9,10
93,Rafael Hollander,S,M,24/8/1998,"Rua Quinze de Novembro, 8 - Loja 301a Loja 301b - Centro, Niterói - RJ, 24020-125",19/8/2016,3860,"175,38","292,3","292,3","350,76",FIII,Analista,Financeiro,45,171,"8,8",7,8,9,10,10
458,Rafael Lobo,C,M,21/4/1978,"Av. Barão Homem de Melo, 1389 - Nova Granada, Belo Horizonte - MG, 30431-425",23/3/2007,1671,"133,68","83,55","167,1","200,52",OPI,Estagiário,Operações,53,195,"7,4",5,8,4,10,10
421,Rafael Oliveira Leite Silva,S,M,13/12/1999,"Av. Barão Homem de Melo, 1389 - Nova Granada, Belo Horizonte - MG, 30431-425",8/12/2018,11566,"624,54","624,54","1040,9","1249,08",ADIII,Coordenador,Administrativo,21,63,"8,2",10,8,3,10,10
323,Rafael Rodrigues de Sousa,C,M,4/5/1999,"Av. Mal. Floriano Peixoto, 2248-2258 - Centro, Nova Iguaçu - RJ, 26210-000",29/4/2017,1139,"45,56","170,85","113,9","136,68",ADI,Estagiário,Administrativo,33,72,"8,8",6,10,9,10,9
99,Rafael Viana Santos,C,M,15/10/1989,"Shopping Barra - Av. Centenário, 2992 - Barra, Salvador - BA, 40155-150",12/11/2011,10923,"805,76","1510,8","1007,2","1208,64",ADIII,Coordenador,Administrativo,25,23,"9,4",10,10,7,10,10
429,Rafaela de Godoy,S,F,24/5/1970,"Av. Mal. Floriano Peixoto, 2248-2258 - Centro, Nova Iguaçu - RJ, 26210-000",29/7/2002,5793,"363,2","635,6",454,"544,8",FIII,Analista,Financeiro,23,110,"7,2",10,8,8,1,9
340,Rafaella Sarmento e Silva,S,F,29/4/1976,"Av. Dom Luís, 500 - Aldeota, Fortaleza - CE, 60160-230",23/2/2001,891,"44,55","44,55","89,1","106,92",COI,Estagiário,Comercial,54,7,"9,2",10,8,8,10,10
57,Raissa Carelli,C,F,14/11/1984,"R. Visc. de Pirajá, 136 - Ipanema, Rio de Janeiro - RJ, 22410-000",10/11/2002,1539,"138,51","123,12","153,9","184,68",OPI,Estagiário,Operações,57,4,"8,8",7,10,8,10,9
186,Raíza Barbosa,S,F,26/5/1994,"Rua Antônio Lumack do Monte, 203 - 1 - Boa Viagem, Recife - PE, 51020-350",27/1/2017,6637,"217,5","304,5",435,522,ADII,Analista,Administrativo,23,189,"6,6",1,4,8,10,10
534,Raíza Barcellos,C,F,11/3/1976,"R. Luíz Faccini, 212 - Centro, Guarulhos - SP, 07110-000",17/9/2000,7355,"96,72","531,96","483,6","580,32",LOII,Analista,Logística,13,117,"9,2",10,9,7,10,10
478,Ramon De Moraes Bergara,S,M,31/10/1989,"R. Dr. Antônio Castro Prado, 422 - Vila Rossi e Borchi, Campinas - SP, 13076-130",27/10/2007,1604,"160,4","208,52","160,4","192,48",COI,Estagiário,Comercial,10,108,"8,2",8,10,3,10,10
230,Ramon Garcia Bittencourt,S,M,12/4/1970,"Av. Barão Homem de Melo, 1389 - Nova Granada, Belo Horizonte - MG, 30431-425",26/8/2002,1828,"127,96","73,12","182,8","219,36",OPI,Estagiário,Operações,42,139,"8,2",7,7,7,10,10
157,Ramon Vaz,C,M,26/11/1974,"R. Teodoro Sampaio, 954 - Pinheiros, São Paulo - SP, 05406-050",30/6/2009,11765,"537,6","430,08","1075,2","1290,24",COIII,Coordenador,Comercial,4,78,"9,6",10,10,8,10,10
336,Raphael Rodrigues,S,M,20/2/1971,"R. Visc. de Pirajá, 136 - Ipanema, Rio de Janeiro - RJ, 22410-000",10/7/2003,8962,"419,5","1174,6",839,"1006,8",COIII,Coordenador,Comercial,28,5,"9,6",10,10,9,9,10
335,Raquel Tavares,S,M,5/9/1979,"R. Visc. de Pirajá, 136 - Ipanema, Rio de Janeiro - RJ, 22410-000",27/2/2012,11700,"731,71","418,12","1045,3","1254,36",OPIII,Coordenador,Operações,40,135,"7,8",7,10,9,3,10
267,Renan Fernandes,C,M,11/10/1988,"Shopping Barra - Av. Centenário, 2992 - Barra, Salvador - BA, 40155-150",7/10/2006,1600,128,144,160,192,OPI,Estagiário,Operações,47,127,"8,8",10,8,7,9,10
143,Renan Scharnhorst Ott,C,M,15/4/1994,"R. Dr. Antônio Castro Prado, 422 - Vila Rossi e Borchi, Campinas - SP, 13076-130",22/9/2016,6518,"539,64","359,76","599,6","719,52",LOII,Analista,Logística,46,136,"7,8",8,10,8,3,10
131,Renan Taylor,C,M,25/3/1995,"R. Teodoro Sampaio, 954 - Pinheiros, São Paulo - SP, 05406-050",28/1/2016,12952,"240,48","1442,88","1202,4","1442,88",FIIV,Gerente,Financeiro,29,174,"9,2",10,8,8,10,10
476,Renata Lopes de Oliveira,S,F,15/4/1972,"R. Dr. Antônio Castro Prado, 422 - Vila Rossi e Borchi, Campinas - SP, 13076-130",6/12/2006,1717,"171,7","103,02","171,7","206,04",LOI,Estagiário,Logística,41,122,"8,8",10,8,7,10,9
,,,,,,,,,,,,,,,,,,,,,,
373,Roberta Procaci,S,F,12/8/1970,"R. Dr. Antônio Castro Prado, 422 - Vila Rossi e Borchi, Campinas - SP, 13076-130",2/5/2008,6198,"406,5","528,45","406,5","487,8",ADII,Analista,Administrativo,36,87,"7,8",10,7,10,3,9
105,Roberta Vaz,S,F,16/4/1992,"Av. Borges de Medeiros, 3120 - Praia de Belas, Porto Alegre - RS, 90110-150",12/4/2010,1519,"106,33","91,14","151,9","182,28",COI,Estagiário,Comercial,17,161,"8,6",8,10,5,10,10
89,Roberto Leite,C,M,17/10/1999,"Av. Dom Luís, 500 - Aldeota, Fortaleza - CE, 60160-230",12/10/2017,11068,"826,4",1033,1033,"1239,6",COIII,Coordenador,Comercial,5,19,"8,6",7,10,7,9,10
49,Roberto Suzano,C,M,11/7/1990,"Av. Barão Homem de Melo, 1389 - Nova Granada, Belo Horizonte - MG, 30431-425",6/7/2008,25452,"1918,32","3596,85","2397,9","2877,48",FIV,Diretor,Financeiro,50,142,"7,8",5,10,10,9,5
103,Rodrigo Barreto,C,M,24/2/1986,"Shopping Barra - Av. Centenário, 2992 - Barra, Salvador - BA, 40155-150",30/6/2004,13649,"500,36","750,54","1250,9","1501,08",COIV,Gerente,Comercial,27,171,"8,8",8,8,8,10,10
250,Rodrigo da Silva,S,M,9/11/1998,"Av. Barão Homem de Melo, 1389 - Nova Granada, Belo Horizonte - MG, 30431-425",4/11/2016,11374,"735,42","1260,72","1050,6","1260,72",OPIII,Coordenador,Operações,32,195,"8,4",7,9,7,10,9
85,Rodrigo dos Santos Villares Vianna,C,M,24/8/1980,"Av. Dom Luís, 500 - Aldeota, Fortaleza - CE, 60160-230",17/10/2001,874,"61,18","96,14","87,4","104,88",OPI,Estagiário,Operações,38,74,"7,2",7,8,8,9,4
47,Rodrigo e Silva Lemos,S,M,10/1/1982,"Rua Antônio Lumack do Monte, 203 - 1 - Boa Viagem, Recife - PE, 51020-350",6/1/2000,9559,"612,22","787,14","874,6","1049,52",OPIII,Coordenador,Operações,0,156,"8,8",7,8,9,10,10
339,Rodrigo Funcke,S,M,1/3/1982,"R. Visc. de Pirajá, 136 - Ipanema, Rio de Janeiro - RJ, 22410-000",19/10/2011,14671,"990,57","2122,65","1415,1","1698,12",LOIV,Gerente,Logística,32,131,8,6,8,7,10,9
451,Rodrigo Venceslau Santos de Gusmão,C,M,14/8/1996,"Rua Antônio Lumack do Monte, 203 - 1 - Boa Viagem, Recife - PE, 51020-350",10/8/2014,8347,676,"878,8",676,"811,2",ADII,Analista,Administrativo,32,84,"8,4",10,4,9,9,10
191,Rômulo Knudsen,S,M,27/10/1996,"Av. Goiás Norte, 3.592 - quadra 2.1 - St. Mal. Rondon, Goiânia - GO, 74063-010",19/4/2016,4750,"237,52","385,97","296,9","356,28",LOII,Analista,Logística,33,141,"8,4",8,10,4,10,10
227,Rômulo Pedrazza,C,M,23/7/1973,"R. Visc. de Pirajá, 136 - Ipanema, Rio de Janeiro - RJ, 22410-000",20/11/2012,1598,"63,92","223,72","159,8","191,76",COI,Estagiário,Comercial,39,181,8,8,10,3,9,10
511,Samantha de Oliveira Pereira,S,F,13/3/1982,"R. Luíz Faccini, 212 - Centro, Guarulhos - SP, 07110-000",8/3/2000,17667,"716,85","1290,33","1433,7","1720,44",OPIV,Gerente,Operações,9,109,"9,2",10,8,8,10,10
395,Sarah de Carvalho Gomes,S,F,22/2/1991,"Av. Borges de Medeiros, 3120 - Praia de Belas, Porto Alegre - RS, 90110-150",17/2/2009,5248,"64,28","289,26","321,4","385,68",FIII,Analista,Financeiro,57,7,"8,4",8,6,8,10,10
399,Saranna Lepore Pinheiro,C,F,2/6/1992,"Rua Antônio Lumack do Monte, 203 - 1 - Boa Viagem, Recife - PE, 51020-350",9/7/2011,8130,"643,3","900,62","643,3","771,96",LOII,Analista,Logística,32,185,"8,2",7,10,4,10,10
488,Stefan Silva,C,M,6/4/1993,"Av. Barão Homem de Melo, 1389 - Nova Granada, Belo Horizonte - MG, 30431-425",2/4/2011,9356,"162,32","1055,08","811,6","973,92",FIIII,Coordenador,Financeiro,26,142,"7,6",8,8,2,10,10
137,Stefan Vargas,C,M,1/1/1976,"R. Brasílio Itiberê, 3279 - Água Verde, Curitiba - PR, 80250-160",14/7/2004,5760,"286,09","122,61","408,7","490,44",COII,Analista,Comercial,11,48,8,10,8,8,10,4
348,Suelen Lander Regasso,S,F,4/1/1999,"Av. Goiás Norte, 3.592 - quadra 2.1 - St. Mal. Rondon, Goiânia - GO, 74063-010",30/12/2016,8039,"555,48","555,48","617,2","740,64",OPII,Analista,Operações,32,111,"7,4",8,8,8,10,3
386,Tadeu Lopes da Silveira,S,M,10/10/1974,"Av. Borges de Medeiros, 3120 - Praia de Belas, Porto Alegre - RS, 90110-150",14/8/2008,1848,"184,8","277,2","184,8","221,76",OPI,Estagiário,Operações,31,35,7,8,8,4,10,5
122,Thaís Lisboa,S,F,9/6/1983,"Av. Mal. Floriano Peixoto, 2248-2258 - Centro, Nova Iguaçu - RJ, 26210-000",20/8/2016,8752,"313,1","375,72","626,2","751,44",FIII,Analista,Financeiro,21,80,"8,6",7,10,8,9,9
211,Thaís Restum,S,F,17/2/1971,"Shopping Barra - Av. Centenário, 2992 - Barra, Salvador - BA, 40155-150",15/1/2009,11093,"721,52","1262,66","901,9","1082,28",LOIII,Coordenador,Logística,40,143,"8,2",8,10,4,10,9
346,Thalles Jordão Teixeira,C,M,7/9/1996,"R. Luíz Faccini, 212 - Centro, Guarulhos - SP, 07110-000",3/9/2014,829,"16,58","58,03","82,9","99,48",FII,Estagiário,Financeiro,27,125,"8,2",7,10,7,7,10
477,Thayane Wermelinger Santos,S,F,16/11/1991,"Av. Mal. Floriano Peixoto, 2248-2258 - Centro, Nova Iguaçu - RJ, 26210-000",11/11/2009,15366,"1081,44","405,54","1351,8","1622,16",ADIV,Gerente,Administrativo,47,8,"8,6",10,10,3,10,10
31,Thayná Freitas Medronho,S,F,30/6/1975,"R. Brasílio Itiberê, 3279 - Água Verde, Curitiba - PR, 80250-160",20/9/2008,7777,"432,96","541,2","541,2","649,44",LOII,Analista,Logística,16,195,"8,8",7,8,9,10,10
155,Thayza Rocha,S,F,30/3/1975,"R. Luíz Faccini, 212 - Centro, Guarulhos - SP, 07110-000",15/6/2005,11189,"180,82","452,05","904,1","1084,92",ADIII,Coordenador,Administrativo,1,131,"7,8",10,9,5,9,6
507,Thiago Fernandes de Araújo,S,M,1/6/1974,"Rua Antônio Lumack do Monte, 203 - 1 - Boa Viagem, Recife - PE, 51020-350",7/1/2006,6122,"281,3","393,82","562,6","675,12",OPII,Analista,Operações,36,107,"7,8",8,7,8,6,10
173,Thiago Saraiva Araujo,C,M,27/2/1986,"Rua Antônio Lumack do Monte, 203 - 1 - Boa Viagem, Recife - PE, 51020-350",27/12/2009,9266,"744,3","909,7",827,"992,4",COIII,Coordenador,Comercial,35,120,"7,4",2,8,8,9,10
492,Thomaz Campelo da Silva,S,M,13/2/1995,"Av. Mal. Floriano Peixoto, 2248-2258 - Centro, Nova Iguaçu - RJ, 26210-000",8/2/2013,983,"58,98","108,13","98,3","117,96",COI,Estagiário,Comercial,54,182,"8,6",7,8,8,10,10
123,Thomaz Wegbrayt,S,M,20/1/1991,"Shopping Barra - Av. Centenário, 2992 - Barra, Salvador - BA, 40155-150",15/1/2009,7540,"275,88","689,7","689,7","827,64",LOII,Analista,Logística,60,104,"8,2",7,7,8,9,10
181,Tiago de Araújo Júnior,S,M,24/3/1988,"Av. Mal. Floriano Peixoto, 2248-2258 - Centro, Nova Iguaçu - RJ, 26210-000",13/2/2013,5795,"483,3","579,96","483,3","579,96",OPII,Analista,Operações,30,167,"7,2",2,9,9,6,10
204,Tiago Leal Pedrosa,S,M,1/11/1984,"R. Visc. de Pirajá, 136 - Ipanema, Rio de Janeiro - RJ, 22410-000",28/10/2002,10451,"582,18","388,12","970,3","1164,36",FIIII,Coordenador,Financeiro,48,100,"8,2",10,8,3,10,10
426,Tiago Souza Tanaka,C,M,25/7/1970,"Av. Barão Homem de Melo, 1389 - Nova Granada, Belo Horizonte - MG, 30431-425",27/8/2005,4579,"251,58","251,58","359,4","431,28",OPII,Analista,Operações,50,62,"9,8",10,10,9,10,10
39,Tomas Guadagnino,S,M,1/12/1987,"Av. Goiás Norte, 3.592 - quadra 2.1 - St. Mal. Rondon, Goiânia - GO, 74063-010",26/11/2005,1660,"33,2","49,8",166,"199,2",COI,Estagiário,Comercial,60,39,"7,6",7,5,7,10,9
161,Victor Bezerra,C,M,15/3/1979,"Rua Antônio Lumack do Monte, 203 - 1 - Boa Viagem, Recife - PE, 51020-350",10/3/2007,1828,"127,96","73,12","182,8","219,36",LOI,Estagiário,Logística,31,117,"9,2",10,8,10,10,8
522,Victor Fonseca,S,M,23/3/1990,"Av. Dom Luís, 500 - Aldeota, Fortaleza - CE, 60160-230",8/2/2016,872,"52,32","113,36","87,2","104,64",ADI,Estagiário,Administrativo,53,188,9,8,9,9,9,10
36,Victor Mota,S,M,20/8/1971,"R. Brasílio Itiberê, 3279 - Água Verde, Curitiba - PR, 80250-160",20/9/2004,6915,"581,8","756,34","581,8","698,16",COII,Analista,Comercial,49,185,"9,2",10,10,9,10,7
101,Victoria Nascimento Viríssimo,C,F,1/5/1970,"Rua Quinze de Novembro, 8 - Loja 301a Loja 301b - Centro, Niterói - RJ, 24020-125",4/1/2007,6078,"411,12","462,51","513,9","616,68",LOII,Analista,Logística,32,164,"8,4",6,10,7,10,9
16,Vinicius Freitas,S,M,23/12/1988,"R. Teodoro Sampaio, 954 - Pinheiros, São Paulo - SP, 05406-050",5/9/2016,4960,"138,48","507,76","461,6","553,92",FIII,Analista,Financeiro,29,38,9,8,10,9,9,9
473,Vinícius Lencastre,S,M,7/10/1978,"Rua Antônio Lumack do Monte, 203 - 1 - Boa Viagem, Recife - PE, 51020-350",8/10/2001,833,"83,3","49,98","83,3","99,96",FII,Estagiário,Financeiro,2,157,"7,4",7,8,4,8,10
461,Vinicius Monteiro,S,M,13/9/1995,"Av. Mal. Floriano Peixoto, 2248-2258 - Centro, Nova Iguaçu - RJ, 26210-000",31/5/2014,5335,"72,56","362,8","362,8","435,36",ADII,Analista,Administrativo,52,156,"8,8",7,8,9,10,10
439,Vitor Almeida da Silveira,S,M,23/3/1984,"R. Teodoro Sampaio, 954 - Pinheiros, São Paulo - SP, 05406-050",1/11/2017,4224,"107,28","250,32","357,6","429,12",LOII,Analista,Logística,33,55,"7,2",7,2,7,10,10
34,Vitor Cordovil de Maglhães,C,M,23/7/1995,"Rua Quinze de Novembro, 8 - Loja 301a Loja 301b - Centro, Niterói - RJ, 24020-125",25/8/2013,15790,"1044,12","447,48","1491,6","1789,92",OPIV,Gerente,Operações,47,113,9,7,10,8,10,10
385,Vitor de Carvalho,S,M,3/6/1973,"R. Visc. de Pirajá, 136 - Ipanema, Rio de Janeiro - RJ, 22410-000",25/8/2008,1478,"133,02","118,24","147,8","177,36",COI,Estagiário,Comercial,14,31,"5,8",7,0,2,10,10
366,Wendela da Cunha,C,F,13/10/1977,"R. Luíz Faccini, 212 - Centro, Guarulhos - SP, 07110-000",13/5/2005,7684,"114,04","228,08","570,2","684,24",ADII,Analista,Administrativo,45,198,"9,4",10,10,7,10,10
464,Wesley de Melo Teixeira,C,M,21/11/1997,"Rua Quinze de Novembro, 8 - Loja 301a Loja 301b - Centro, Niterói - RJ, 24020-125",17/11/2015,1439,"143,9","143,9","143,9","172,68",LOI,Estagiário,Logística,28,36,"9,2",8,10,8,10,10
178,Wesley Oliveira Baptista,S,M,29/11/1971,"Av. Mal. Floriano Peixoto, 2248-2258 - Centro, Nova Iguaçu - RJ, 26210-000",18/3/2003,16332,"1039,15","1781,4","1484,5","1781,4",FIIV,Gerente,Financeiro,43,84,"7,8",1,10,8,10,10
528,William Araujo Kelly,S,M,16/1/1970,"Av. Mal. Floriano Peixoto, 2248-2258 - Centro, Nova Iguaçu - RJ, 26210-000",13/1/2006,10593,"485,3","1358,84","970,6","1164,72",OPIII,Coordenador,Operações,30,62,"8,4",7,8,8,10,9
272,Yago de Souza Fróes,S,M,27/9/1986,"Shopping Barra - Av. Centenário, 2992 - Barra, Salvador - BA, 40155-150",22/9/2004,9687,"697,76","1046,64","872,2","1046,64",LOIII,Coordenador,Logística,16,45,"7,2",7,8,9,10,2
514,Yago Oliveira,C,M,31/8/1982,"Shopping Barra - Av. Centenário, 2992 - Barra, Salvador - BA, 40155-150",1/10/2013,948,"75,84","28,44","94,8","113,76",COI,Estagiário,Comercial,49,113,"7,8",7,9,3,10,10
163,Yasmini de Almeida Richa,S,F,25/2/1979,"Av. Barão Homem de Melo, 1389 - Nova Granada, Belo Horizonte - MG, 30431-425",7/8/2013,12466,"1048,5","629,1","1048,5","1258,2",LOIII,Coordenador,Logística,20,175,"8,8",10,10,8,10,6
411,Yuri Cruz,S,M,23/6/1982,"Av. Barão Homem de Melo, 1389 - Nova Granada, Belo Horizonte - MG, 30431-425",20/9/2000,21414,"1677,76","1468,04","2097,2","2516,64",COV,Diretor,Comercial,16,111,8,10,10,5,9,6
309,Yuri Valerio Albino,C,M,6/9/1977,"R. Dr. Antônio Castro Prado, 422 - Vila Rossi e Borchi, Campinas - SP, 13076-130",30/8/2008,14194,"805,86","805,86","1343,1","1611,72",FIIV,Gerente,Financeiro,16,60,"6,4",7,3,4,9,9
432,Yuske Orichio,C,M,19/5/1985,"Av. Dom Luís, 500 - Aldeota, Fortaleza - CE, 60160-230",20/11/2005,1852,"129,64","277,8","185,2","222,24",LOI,Estagiário,Logística,7,88,"8,6",8,10,9,10,6
